Year of reporting,*Stage-level CO2e available,Product name (and functional unit),Company,Country (where company is incorporated),Company's GICS Industry Group,Company's GICS Industry,*Company's sector,Product weight (kg),*Source for product weight,"Product's carbon footprint (PCF, kg CO2e)",*Carbon intensity,Protocol used for PCF,Relative change in PCF vs previous,Company-reported reason for change,*Change reason category,*%Upstream estimated from %Operations,*Upstream CO2e (fraction of total PCF),*Operations CO2e (fraction of total PCF),*Downstream CO2e (fraction of total PCF),*Transport CO2e (fraction of total PCF),*EndOfLife CO2e (fraction of total PCF)
2014,Yes,Frosted Flakes(R) Cereal,Kellogg Company,USA,"Food, Beverage & Tobacco",Food Products,Food & Beverage,0.7485,Estimated from external data based on product description,2.0,2.67,Not reported,(not reported by company),N/a,N/a (no %change reported),No,0.575,0.3,0.125,0.045,
2015,Yes,"Frosted Flakes, 23 oz, produced in Lancaster, PA (one carton)",Kellogg Company,USA,Food & Beverage Processing,Not used for 2015 reporting,Food & Beverage,0.7485,Estimated from external data based on product description,2.0,2.67,Not reported,(not reported by company),N/a,N/a (no %change reported),No,0.575,0.3,0.125,0.045,
2013,Yes,Office Chair,KNOLL INC,USA,Capital Goods,Building Products,Comm. equipm. & capital goods,20.68,Estimated from external data based on product description,72.54,3.51,Not reported,(not reported by company),N/a,N/a (no previous data available),Yes,0.8062999999999999,0.1736,0.020099999999999996,,0.0
2017,Yes,Multifunction Printers,"Konica Minolta, Inc.",Japan,Technology Hardware & Equipment,"Electronic Equipment, Instruments & Components","Computer, IT & telecom",110.0,Estimated from external data based on product description,1488.0,13.53,ISO,(not reported by company),N/a,N/a (no previous data available),No,0.3065,0.055099999999999996,0.6384000000000001,0.0101,0.0276
2017,Yes,Multifunction Printers,"Konica Minolta, Inc.",Japan,Technology Hardware & Equipment,"Electronic Equipment, Instruments & Components","Computer, IT & telecom",110.0,Estimated from external data based on product description,1818.0,16.53,ISO,(not reported by company),N/a,N/a (no previous data available),No,0.25079999999999997,0.0451,0.7041,0.0083,0.0226
2017,Yes,Multifunction Printers,"Konica Minolta, Inc.",Japan,Technology Hardware & Equipment,"Electronic Equipment, Instruments & Components","Computer, IT & telecom",110.0,Estimated from external data based on product description,2274.0,20.67,ISO,(not reported by company),N/a,N/a (no previous data available),No,0.2005,0.0361,0.7634000000000001,0.0066,0.018000000000000002
2016,No,KURALON  fiber,"Kuraray Co., Ltd.",Japan,Materials,Chemicals,Chemicals,1500.0,As per company's submission to CDP,10000.0,6.67,Not reported,(not reported by company),N/a,N/a (no %change reported),N/a (product with insufficient stage-level data),,,,,
2013,No,Portland Cement,Lafarge S.A.,France,Materials,Construction Materials,Construction & commercial materials,1000.0,As per company's submission to CDP,1102.0,1.1,Not reported,(not reported by company),N/a,N/a (no %change reported),N/a (product with insufficient stage-level data),,,,,
2014,No,Regular Straight 505® Jeans  Steel (Water<Less),Levi Strauss & Co.,USA,Consumer Durables & Apparel,"Textiles, Apparel & Luxury Goods","Home durables, textiles, & equipment",0.7665,Estimated from external data based on product description,15.0,19.57,Not reported,(not reported by company),N/a,N/a (no %change reported),N/a (product with insufficient stage-level data),,,,,
2015,No,Regular Straight 505® Jeans  Steel (Water<Less),Levi Strauss & Co.,USA,"Textiles, Apparel, Footwear and Luxury Goods",Not used for 2015 reporting,"Home durables, textiles, & equipment",0.7665,Estimated from external data based on product description,15.0,19.57,Not reported,(not reported by company),N/a,N/a (no %change reported),N/a (product with insufficient stage-level data),,,,,
2016,No,Regular Straight 505® Jeans  Steel (Water<Less),Levi Strauss & Co.,USA,Consumer Durables & Apparel,"Textiles, Apparel & Luxury Goods","Home durables, textiles, & equipment",0.7665,Estimated from external data based on product description,15.0,19.57,Not reported,(not reported by company),N/a,N/a (no %change reported),N/a (product with insufficient stage-level data),,,,,
2014,No,501® Original Jeans  Rinse Run,Levi Strauss & Co.,USA,Consumer Durables & Apparel,"Textiles, Apparel & Luxury Goods","Home durables, textiles, & equipment",0.997,Estimated from external data based on product description,15.0,15.05,Not reported,(not reported by company),N/a,N/a (no %change reported),N/a (product with insufficient stage-level data),,,,,
2015,No,501® Original Jeans  Rinse Run,Levi Strauss & Co.,USA,"Textiles, Apparel, Footwear and Luxury Goods",Not used for 2015 reporting,"Home durables, textiles, & equipment",0.997,Estimated from external data based on product description,16.0,16.05,Not reported,(not reported by company),N/a,N/a (no %change reported),N/a (product with insufficient stage-level data),,,,,
2014,No,501® Original Jeans  Dark Stonewash,Levi Strauss & Co.,USA,Consumer Durables & Apparel,"Textiles, Apparel & Luxury Goods","Home durables, textiles, & equipment",0.997,Estimated from external data based on product description,16.0,16.05,PAS2050,(not reported by company),N/a,N/a (no %change reported),N/a (product with insufficient stage-level data),,,,,
2015,No,501® Original Jeans  Dark Stonewash,Levi Strauss & Co.,USA,"Textiles, Apparel, Footwear and Luxury Goods",Not used for 2015 reporting,"Home durables, textiles, & equipment",0.997,Estimated from external data based on product description,16.0,16.05,PAS2050,(not reported by company),N/a,N/a (no %change reported),N/a (product with insufficient stage-level data),,,,,
2016,No,501® Original Jeans  Dark Stonewash,Levi Strauss & Co.,USA,Consumer Durables & Apparel,"Textiles, Apparel & Luxury Goods","Home durables, textiles, & equipment",0.997,Estimated from external data based on product description,16.0,16.05,PAS2050,(not reported by company),N/a,N/a (no %change reported),N/a (product with insufficient stage-level data),,,,,
2014,No,Slim Straight 514 Jeans  Indigo Wash,Levi Strauss & Co.,USA,Consumer Durables & Apparel,"Textiles, Apparel & Luxury Goods","Home durables, textiles, & equipment",0.68,Estimated from external data based on product description,8.6,12.65,PAS2050,(not reported by company),N/a,N/a (no %change reported),N/a (product with insufficient stage-level data),,,,,
2015,No,Slim Straight 514 Jeans  Indigo Wash,Levi Strauss & Co.,USA,"Textiles, Apparel, Footwear and Luxury Goods",Not used for 2015 reporting,"Home durables, textiles, & equipment",0.68,Estimated from external data based on product description,8.6,12.65,Not reported,(not reported by company),N/a,N/a (no %change reported),N/a (product with insufficient stage-level data),,,,,
2016,No,Slim Straight 514 Jeans  Indigo Wash,Levi Strauss & Co.,USA,Consumer Durables & Apparel,"Textiles, Apparel & Luxury Goods","Home durables, textiles, & equipment",0.88,Estimated from external data based on product description,8.6,9.77,Not reported,(not reported by company),N/a,N/a (no %change reported),N/a (product with insufficient stage-level data),,,,,
2014,No,Slim Straight 514 Jeans  Rigid Tank,Levi Strauss & Co.,USA,Consumer Durables & Apparel,"Textiles, Apparel & Luxury Goods","Home durables, textiles, & equipment",0.68,Estimated from external data based on product description,7.7,11.32,Not reported,(not reported by company),N/a,N/a (no %change reported),N/a (product with insufficient stage-level data),,,,,
2015,No,Slim Straight 514 Jeans  Rigid Tank,Levi Strauss & Co.,USA,"Textiles, Apparel, Footwear and Luxury Goods",Not used for 2015 reporting,"Home durables, textiles, & equipment",0.68,Estimated from external data based on product description,7.7,11.32,Not reported,(not reported by company),N/a,N/a (no %change reported),N/a (product with insufficient stage-level data),,,,,
2016,No,Slim Straight 514 Jeans  Rigid Tank,Levi Strauss & Co.,USA,Consumer Durables & Apparel,"Textiles, Apparel & Luxury Goods","Home durables, textiles, & equipment",0.88,Estimated from external data based on product description,7.7,8.75,Not reported,(not reported by company),N/a,N/a (no %change reported),N/a (product with insufficient stage-level data),,,,,
2014,No,501® Original Jeans  Light Stonewash,Levi Strauss & Co.,USA,Consumer Durables & Apparel,"Textiles, Apparel & Luxury Goods","Home durables, textiles, & equipment",0.997,Estimated from external data based on product description,15.0,15.05,Not reported,(not reported by company),N/a,N/a (no %change reported),N/a (product with insufficient stage-level data),,,,,
2015,No,501® Original Jeans  Light Stonewash,Levi Strauss & Co.,USA,"Textiles, Apparel, Footwear and Luxury Goods",Not used for 2015 reporting,"Home durables, textiles, & equipment",0.997,Estimated from external data based on product description,15.0,15.05,Not reported,(not reported by company),N/a,N/a (no %change reported),N/a (product with insufficient stage-level data),,,,,
2014,No,501® Original Jeans  Medium Stonewash,Levi Strauss & Co.,USA,Consumer Durables & Apparel,"Textiles, Apparel & Luxury Goods","Home durables, textiles, & equipment",0.997,Estimated from external data based on product description,16.0,16.05,Not reported,(not reported by company),N/a,N/a (no %change reported),N/a (product with insufficient stage-level data),,,,,
2015,No,501® Original Jeans  Medium Stonewash,Levi Strauss & Co.,USA,"Textiles, Apparel, Footwear and Luxury Goods",Not used for 2015 reporting,"Home durables, textiles, & equipment",0.997,Estimated from external data based on product description,16.0,16.05,Not reported,(not reported by company),N/a,N/a (no %change reported),N/a (product with insufficient stage-level data),,,,,
2014,No,Slim Straight 514 Jeans  Tumbled Rigid,Levi Strauss & Co.,USA,Consumer Durables & Apparel,"Textiles, Apparel & Luxury Goods","Home durables, textiles, & equipment",0.68,Estimated from external data based on product description,16.0,23.53,Not reported,(not reported by company),N/a,N/a (no %change reported),N/a (product with insufficient stage-level data),,,,,
2015,No,Slim Straight 514 Jeans  Tumbled Rigid,Levi Strauss & Co.,USA,"Textiles, Apparel, Footwear and Luxury Goods",Not used for 2015 reporting,"Home durables, textiles, & equipment",0.68,Estimated from external data based on product description,16.0,23.53,Not reported,(not reported by company),N/a,N/a (no %change reported),N/a (product with insufficient stage-level data),,,,,
2014,No,Regular Straight 505® Jeans  Range (Water<Less),Levi Strauss & Co.,USA,Consumer Durables & Apparel,"Textiles, Apparel & Luxury Goods","Home durables, textiles, & equipment",0.7665,Estimated from external data based on product description,16.0,20.87,Not reported,(not reported by company),N/a,N/a (no %change reported),N/a (product with insufficient stage-level data),,,,,
2015,No,Regular Straight 505® Jeans  Range (Water<Less),Levi Strauss & Co.,USA,"Textiles, Apparel, Footwear and Luxury Goods",Not used for 2015 reporting,"Home durables, textiles, & equipment",0.7665,Estimated from external data based on product description,16.0,20.87,Not reported,(not reported by company),N/a,N/a (no %change reported),N/a (product with insufficient stage-level data),,,,,
2014,No,Regular Straight 505® Jeans  Range,Levi Strauss & Co.,USA,Consumer Durables & Apparel,"Textiles, Apparel & Luxury Goods","Home durables, textiles, & equipment",0.7665,Estimated from external data based on product description,16.0,20.87,Not reported,(not reported by company),N/a,N/a (no %change reported),N/a (product with insufficient stage-level data),,,,,
2015,No,Regular Straight 505® Jeans  Range,Levi Strauss & Co.,USA,"Textiles, Apparel, Footwear and Luxury Goods",Not used for 2015 reporting,"Home durables, textiles, & equipment",0.7665,Estimated from external data based on product description,16.0,20.87,Not reported,(not reported by company),N/a,N/a (no %change reported),N/a (product with insufficient stage-level data),,,,,
2014,No,Regular Straight 505® Jeans  House Cat,Levi Strauss & Co.,USA,Consumer Durables & Apparel,"Textiles, Apparel & Luxury Goods","Home durables, textiles, & equipment",0.7665,Estimated from external data based on product description,15.0,19.57,Not reported,(not reported by company),N/a,N/a (no %change reported),N/a (product with insufficient stage-level data),,,,,
2015,No,Regular Straight 505® Jeans  House Cat,Levi Strauss & Co.,USA,"Textiles, Apparel, Footwear and Luxury Goods",Not used for 2015 reporting,"Home durables, textiles, & equipment",0.7665,Estimated from external data based on product description,16.0,20.87,Not reported,(not reported by company),N/a,N/a (no %change reported),N/a (product with insufficient stage-level data),,,,,
2014,No,MS315DN - Mono Laser Printer,"Lexmark International, Inc.",USA,Technology Hardware & Equipment,Computers & Peripherals,"Computer, IT & telecom",16.03449,Estimated from external data based on product description,1616.172,100.79,ISO,(not reported by company),N/a,N/a (no %change reported),N/a (product with insufficient stage-level data),,,,,
2014,No,MS410DN - Mono Laser Printer,"Lexmark International, Inc.",USA,Technology Hardware & Equipment,Computers & Peripherals,"Computer, IT & telecom",15.898413,Estimated from external data based on product description,1523.19,95.81,ISO,(not reported by company),N/a,N/a (no %change reported),N/a (product with insufficient stage-level data),,,,,
2014,No,CX310DN - Color Laser Printer,"Lexmark International, Inc.",USA,Technology Hardware & Equipment,Computers & Peripherals,"Computer, IT & telecom",31.365912,Estimated from external data based on product description,2358.38,75.19,ISO,(not reported by company),N/a,N/a (no %change reported),N/a (product with insufficient stage-level data),,,,,
2014,No,MS415DN - Mono Laser Printer,"Lexmark International, Inc.",USA,Technology Hardware & Equipment,Computers & Peripherals,"Computer, IT & telecom",16.03449,Estimated from external data based on product description,1524.56,95.08,ISO,(not reported by company),N/a,N/a (no %change reported),N/a (product with insufficient stage-level data),,,,,
2014,No,MS510DN - Mono Laser Printer,"Lexmark International, Inc.",USA,Technology Hardware & Equipment,Computers & Peripherals,"Computer, IT & telecom",16.66952,Estimated from external data based on product description,1617.69,97.04,ISO,(not reported by company),N/a,N/a (no %change reported),N/a (product with insufficient stage-level data),,,,,
2014,No,MS610DE - Mono Laser Printer,"Lexmark International, Inc.",USA,Technology Hardware & Equipment,Computers & Peripherals,"Computer, IT & telecom",18.37049,Estimated from external data based on product description,1978.08,107.68,ISO,(not reported by company),N/a,N/a (no %change reported),N/a (product with insufficient stage-level data),,,,,
2014,No,MS610DN - Mono Laser Printer,"Lexmark International, Inc.",USA,Technology Hardware & Equipment,Computers & Peripherals,"Computer, IT & telecom",17.576704,Estimated from external data based on product description,1957.73,111.38,ISO,(not reported by company),N/a,N/a (no %change reported),N/a (product with insufficient stage-level data),,,,,
2014,No,MS810DE - Mono Laser Printer,"Lexmark International, Inc.",USA,Technology Hardware & Equipment,Computers & Peripherals,"Computer, IT & telecom",27.4877,Estimated from external data based on product description,2106.94,76.65,ISO,(not reported by company),N/a,N/a (no %change reported),N/a (product with insufficient stage-level data),,,,,
2014,No,MS810DN - Mono Laser Printer,"Lexmark International, Inc.",USA,Technology Hardware & Equipment,Computers & Peripherals,"Computer, IT & telecom",27.44234,Estimated from external data based on product description,2005.36,73.08,ISO,(not reported by company),N/a,N/a (no %change reported),N/a (product with insufficient stage-level data),,,,,
2014,No,MS811DN - Mono Laser Printer,"Lexmark International, Inc.",USA,Technology Hardware & Equipment,Computers & Peripherals,"Computer, IT & telecom",27.44234,Estimated from external data based on product description,2387.57,87.0,ISO,(not reported by company),N/a,N/a (no %change reported),N/a (product with insufficient stage-level data),,,,,
2014,No,MS812DE - Mono Laser Printer,"Lexmark International, Inc.",USA,Technology Hardware & Equipment,Computers & Peripherals,"Computer, IT & telecom",27.75985,Estimated from external data based on product description,2744.39,98.86,ISO,(not reported by company),N/a,N/a (no %change reported),N/a (product with insufficient stage-level data),,,,,
2014,No,MS812DN - Mono Laser Printer,"Lexmark International, Inc.",USA,Technology Hardware & Equipment,Computers & Peripherals,"Computer, IT & telecom",27.44234,Estimated from external data based on product description,2747.47,100.12,ISO,(not reported by company),N/a,N/a (no %change reported),N/a (product with insufficient stage-level data),,,,,
2014,No,MX310DN - Mono Laser Printer,"Lexmark International, Inc.",USA,Technology Hardware & Equipment,Computers & Peripherals,"Computer, IT & telecom",22.45282,Estimated from external data based on product description,1140.41,50.79,ISO,(not reported by company),N/a,N/a (no %change reported),N/a (product with insufficient stage-level data),,,,,
2014,No,CX410DE - Color Laser Printer,"Lexmark International, Inc.",USA,Technology Hardware & Equipment,Computers & Peripherals,"Computer, IT & telecom",31.365912,Estimated from external data based on product description,3236.35,103.18,ISO,(not reported by company),N/a,N/a (no %change reported),N/a (product with insufficient stage-level data),,,,,
2014,No,MX410DE - Mono Laser Printer,"Lexmark International, Inc.",USA,Technology Hardware & Equipment,Computers & Peripherals,"Computer, IT & telecom",23.019813,Estimated from external data based on product description,1498.6,65.1,ISO,(not reported by company),N/a,N/a (no %change reported),N/a (product with insufficient stage-level data),,,,,
2014,No,MX511DE - Mono Laser Printer,"Lexmark International, Inc.",USA,Technology Hardware & Equipment,Computers & Peripherals,"Computer, IT & telecom",25.4012,Estimated from external data based on product description,1678.97,66.1,ISO,(not reported by company),N/a,N/a (no %change reported),N/a (product with insufficient stage-level data),,,,,
2014,No,MX611DE - Mono Laser Printer,"Lexmark International, Inc.",USA,Technology Hardware & Equipment,Computers & Peripherals,"Computer, IT & telecom",28.03201,Estimated from external data based on product description,2132.34,76.07,ISO,(not reported by company),N/a,N/a (no %change reported),N/a (product with insufficient stage-level data),,,,,
2014,No,MX710DE - Mono Laser Printer,"Lexmark International, Inc.",USA,Technology Hardware & Equipment,Computers & Peripherals,"Computer, IT & telecom",57.1526,Estimated from external data based on product description,2923.11,51.15,ISO,(not reported by company),N/a,N/a (no %change reported),N/a (product with insufficient stage-level data),,,,,
2014,No,MX711DE - Mono Laser Printer,"Lexmark International, Inc.",USA,Technology Hardware & Equipment,Computers & Peripherals,"Computer, IT & telecom",57.1526,Estimated from external data based on product description,3127.248,54.72,ISO,(not reported by company),N/a,N/a (no %change reported),N/a (product with insufficient stage-level data),,,,,
2014,No,MX810DFE - Mono Laser Printer,"Lexmark International, Inc.",USA,Technology Hardware & Equipment,Computers & Peripherals,"Computer, IT & telecom",118.07009,Estimated from external data based on product description,2536.12,21.48,ISO,(not reported by company),N/a,N/a (no %change reported),N/a (product with insufficient stage-level data),,,,,
2014,No,MX811DFE - Mono Laser Printer,"Lexmark International, Inc.",USA,Technology Hardware & Equipment,Computers & Peripherals,"Computer, IT & telecom",118.07009,Estimated from external data based on product description,2973.37,25.18,ISO,(not reported by company),N/a,N/a (no %change reported),N/a (product with insufficient stage-level data),,,,,
2014,No,MX812DFE - Mono Laser Printer,"Lexmark International, Inc.",USA,Technology Hardware & Equipment,Computers & Peripherals,"Computer, IT & telecom",118.07009,Estimated from external data based on product description,3335.99,28.25,Not reported,(not reported by company),N/a,N/a (no %change reported),N/a (product with insufficient stage-level data),,,,,
2014,No,CX510DE - Color Laser Printer,"Lexmark International, Inc.",USA,Technology Hardware & Equipment,Computers & Peripherals,"Computer, IT & telecom",32.6587,Estimated from external data based on product description,3128.864,95.8,ISO,(not reported by company),N/a,N/a (no %change reported),N/a (product with insufficient stage-level data),,,,,
2014,No,CS310DN - Color Laser Printer,"Lexmark International, Inc.",USA,Technology Hardware & Equipment,Computers & Peripherals,"Computer, IT & telecom",20.32094,Estimated from external data based on product description,1968.62,96.88,ISO,(not reported by company),N/a,N/a (no %change reported),N/a (product with insufficient stage-level data),,,,,
2014,No,CS410DN - Color Laser Printer,"Lexmark International, Inc.",USA,Technology Hardware & Equipment,Computers & Peripherals,"Computer, IT & telecom",20.50238,Estimated from external data based on product description,3143.478,153.32,ISO,(not reported by company),N/a,N/a (no %change reported),N/a (product with insufficient stage-level data),,,,,
2014,No,CS510DE - Color Laser Printer,"Lexmark International, Inc.",USA,Technology Hardware & Equipment,Computers & Peripherals,"Computer, IT & telecom",20.91061,Estimated from external data based on product description,3024.602,144.64,ISO,(not reported by company),N/a,N/a (no %change reported),N/a (product with insufficient stage-level data),,,,,
2014,No,M5163 - Mono Laser Printer,"Lexmark International, Inc.",USA,Technology Hardware & Equipment,Computers & Peripherals,"Computer, IT & telecom",23.700201,Estimated from external data based on product description,2597.12,109.58,ISO,(not reported by company),N/a,N/a (no %change reported),N/a (product with insufficient stage-level data),,,,,
2014,No,MS310DN - Mono Laser Printer,"Lexmark International, Inc.",USA,Technology Hardware & Equipment,Computers & Peripherals,"Computer, IT & telecom",15.807694,Estimated from external data based on product description,1504.51,95.18,ISO,(not reported by company),N/a,N/a (no %change reported),N/a (product with insufficient stage-level data),,,,,
2014,No,MS312DN - Mono Laser Printer,"Lexmark International, Inc.",USA,Technology Hardware & Equipment,Computers & Peripherals,"Computer, IT & telecom",15.807694,Estimated from external data based on product description,1490.36,94.28,ISO,(not reported by company),N/a,N/a (no %change reported),N/a (product with insufficient stage-level data),,,,,
2014,No,Mobile Batteries,LG Chem Ltd,South Korea,Materials,Chemicals,Chemicals,1000.0,As per company's submission to CDP,5846.0,5.85,GHGP,32.00%,"According to newly installed assembly lines in Nanjing plant in 2013, the GHG emissions rose due to the increased electricity consumptions. The trend on rising electricity consumption level has close connection to the increased GHG emissions per the unit. The ratio of sales to Acer during 2013 shows a small difference relative to the one in 2012, so we estimate that the change in this row may not take place for the revenue fluctuation.  On the other hand, in 2013, Ochang 1 plant in Korea begun to supply mobile batteries to Acer for the first time - Only Nanjing plant supplied batteries to Acer in 2012. Therefore, the energy efficiency difference between the two plants would affect the change.",Product carbon efficiency changed,N/a (product with insufficient stage-level data),,,,,
2015,No,Mobile Batteries,LG Chem Ltd,South Korea,Chemicals,Not used for 2015 reporting,Chemicals,1000.0,As per company's submission to CDP,10245.0,10.25,GHGP,75.24%,"1. New facilities' start-up operation is the primary cause of the change as they consumed energy, particularly electricity, without manufacturing.  2. The increase of the total GHG emissions from the plant is bigger than the increase of sales ratio by Acer. (132% of GHG emissions increased as the plant total emissions, comparing to 121% of sales ratio increased by Acer in 2014)",Product carbon efficiency changed,N/a (product with insufficient stage-level data),,,,,
2013,No,"LG Chems automotive batteries are sustaining the undisputed No.1 position in the world based on more than 10 years of R&D capability. LG Chem is equipped with solutions for all types of electrical cars (Hybrid EV, Plugged-in EV, Battery EV) based on strong product development capability and manufacturing competitiveness via mass production experience. This enables LG Chem to supply battery cell, pack and BMS (Battery Management System) to global carmakers such as GM, Ford, Renault, Hyundai-Kia and Volvo. LG Chem expects the increased revenue from its automotive battery business by being awarded next-generation projects from existing customers while strengthening strategic partnerships, and securing new customers. Additionally, LG Chem plans to launch new products to meet customer needs in new applications such as SLI and garden tools.",LG Chem Ltd,South Korea,Materials,Chemicals,Chemicals,1000.0,As per company's submission to CDP,3197.1,3.2,GHGP,0.16%,N/a,No specific reason reported,N/a (product with insufficient stage-level data),,,,,
2014,No,Automotive Batteries,LG Chem Ltd,South Korea,Materials,Chemicals,Chemicals,1000.0,As per company's submission to CDP,3113.0,3.11,GHGP,-2.63%,Intensive energy-saving projects conducted in Ochang 1 plant in 2013 would have positive impacts on GHG emission reductions per the unit.,Product carbon efficiency changed,N/a (product with insufficient stage-level data),,,,,
2015,No,Automotive Batteries,LG Chem Ltd,South Korea,Chemicals,Not used for 2015 reporting,Chemicals,1000.0,As per company's submission to CDP,6309.0,6.31,GHGP,102.68%,"CMI plant did not operate its facilities on a regular basis in 2014 for fluctuation of production plans, which attributed to having energy intensity worsened. Plenty of electricity and steam were used for facilities' start-up without production. Final products were produced and transported only from Ochang 1 plant in 2013 which has a relatively greater energy intensity. The total emissions from Ochang 1 and CMI plants in kg CO2e per unit in 2014 were worsened by adverse energy intensity of CMI plant.",Product carbon efficiency changed,N/a (product with insufficient stage-level data),,,,,
2016,No,Automotive Battery,LG Chem Ltd,South Korea,Materials,Chemicals,Chemicals,1000.0,Estimated from external data based on product description,4286.0,4.29,GHGP,-82.00%,"A decrease in sales to Ford and a volume change of each product affect the change. Also Ochang 1 plant conducted many energy saving activities for more energy efficiency during manufacturing. The emissions of FCA are newly counted this year, because we started to formally sell our automotive batteries to FCA in 2016.",Model/parameters AND product carbon efficiency changed,N/a (product with insufficient stage-level data),,,,,
2015,No,ABS (Acrylonitrile Butadiene Styrene),LG Chem Ltd,South Korea,Chemicals,Not used for 2015 reporting,Chemicals,1000.0,As per company's submission to CDP,876.0,0.88,GHGP,-4.27%,"Conducted energy-saving activities, in spite of its limited saving potential.",Product carbon efficiency changed,N/a (product with insufficient stage-level data),,,,,
2016,No,ABS(Acrylonitrile Butadiene Styrene),LG Chem Ltd,South Korea,Materials,Chemicals,Chemicals,1000.0,Estimated from external data based on product description,396.0,0.4,GHGP,-43.00%,"Hwachi plant conducted many active energy saving activities, in spite of its limited saving potential.",Product carbon efficiency changed,N/a (product with insufficient stage-level data),,,,,
2016,No,BPA(Bisphenol-A),LG Chem Ltd,South Korea,Materials,Chemicals,Chemicals,1000.0,Estimated from external data based on product description,1088.0,1.09,GHGP,(not reported by company),N/a,N/a (no previous data available),N/a (product with insufficient stage-level data),,,,,
2016,No,IT&New Application Battery,LG Chem Ltd,South Korea,Materials,Chemicals,Chemicals,1000.0,Estimated from external data based on product description,10607.0,10.61,GHGP,3.57%,"A big increase is caused by the new customers requesting CDP supply chain this year such as Dell Inc. and HP Inc., who was not counted last year. Also a rise in sales of new products which have different manufacturing efficiencies affects the allocation of Acer Inc. and Stanley Black & Decker Inc..",Model/parameters AND product carbon efficiency changed,N/a (product with insufficient stage-level data),,,,,
2013,Yes,LG-E970,LG Electronics,South Korea,Consumer Durables & Apparel,Household Durables,"Home durables, textiles, & equipment",0.1471,Estimated from external data based on product description,7.0,47.59,ISO,-32.35%,Reduction of emission of pre-manufacturing stage,Product carbon efficiency changed,No,0.1128,0.0001,0.887,0.3507,0.0
2015,Yes,"Mouse, M185",Logitech International SA,Switzerland,Technology Hardware & Equipment,Not used for 2015 reporting,"Computer, IT & telecom",0.136,Estimated from external data based on product description,4.32,31.76,Not reported,(not reported by company),N/a,N/a (no previous data available),No,0.0463,0.6042000000000001,0.34950000000000003,0.0116,0.0139
2013,Yes,White crystalline sugar,Associated British Foods,United Kingdom,"Food, Beverage & Tobacco",Food Products,Food & Beverage,1000.0,As per company's submission to CDP,650.0,0.65,PAS2050,(not reported by company),N/a,N/a (no previous data available),No,0.46149999999999997,0.5385,0.0,,
2014,No,Sugar,Associated British Foods,United Kingdom,"Food, Beverage & Tobacco",Food Products,Food & Beverage,1000.0,As per company's submission to CDP,650.0,0.65,PAS2050,5.00%,N/a,No specific reason reported,N/a (product with insufficient stage-level data),,,,,
2016,No,Sugar,Associated British Foods,United Kingdom,"Food, Beverage & Tobacco",Beverages,Food & Beverage,1000.0,As per company's submission to CDP,650.0,0.65,PAS2050,(not reported by company),N/a,N/a (no %change reported),N/a (product with insufficient stage-level data),,,,,
2013,No,grinding media cast.,MAGOTTEAUX,Brazil,Materials,Metals & Mining,Construction & commercial materials,1500.0,As per company's submission to CDP,1750.0,1.17,GHGP,42.00%,N/a,No specific reason reported,N/a (product with insufficient stage-level data),,,,,
2016,Yes,IC chips of Smartphone,MediaTek,Taiwan,Semiconductors & Semiconductor Equipment,Semiconductors & Semiconductor Equipment,"Computer, IT & telecom",0.1,Estimated from external data based on product description,1.719,17.19,GHGP,(not reported by company),N/a,N/a (no %change reported),Yes,0.7239,0.2761,0.0,,
2013,No,1 DVD Software Package,"Autodesk, Inc.",USA,Software & Services,Software,"Computer, IT & telecom",0.0907185,Estimated from external data based on product description,1.28,14.11,GHGP,-40.00%,Decrease from product manual removal and reduced packaging.,Product carbon efficiency changed,N/a (product with insufficient stage-level data),,,,,
2014,Yes,DVD software,"Autodesk, Inc.",USA,Software & Services,Software,"Computer, IT & telecom",0.0907185,Estimated from external data based on product description,1.28,14.11,GHGP,(not reported by company),N/a,N/a (no %change reported),No,0.44049999999999995,0.1115,0.44789999999999996,0.4045,0.0435
2015,Yes,DVD software (1 DVD),"Autodesk, Inc.",USA,Software & Services,Not used for 2015 reporting,"Computer, IT & telecom",0.0907185,Estimated from external data based on product description,1.28,14.11,GHGP,(not reported by company),N/a,N/a (no %change reported),No,0.44049999999999995,0.1115,0.44799999999999995,0.4044,0.0435
2013,Yes,USB Software,"Autodesk, Inc.",USA,Software & Services,Software,"Computer, IT & telecom",0.0085,Estimated from external data based on product description,2.285,268.82,GHGP,(not reported by company),N/a,N/a (no %change reported),No,0.7554000000000001,0.0222,0.2224,0.2747,0.0269
2014,Yes,USB software,"Autodesk, Inc.",USA,Software & Services,Software,"Computer, IT & telecom",0.0085,Estimated from external data based on product description,2.29,269.41,GHGP,(not reported by company),N/a,N/a (no %change reported),No,0.6761,0.0222,0.3017,0.2747,0.0269
2015,Yes,USB software,"Autodesk, Inc.",USA,Software & Services,Not used for 2015 reporting,"Computer, IT & telecom",0.0085,Estimated from external data based on product description,2.29,269.41,GHGP,(not reported by company),N/a,N/a (no %change reported),No,0.6761,0.0222,0.3017,0.2747,0.027000000000000003
2015,Yes,DVD software (2 DVDs),"Autodesk, Inc.",USA,Software & Services,Not used for 2015 reporting,"Computer, IT & telecom",0.181437,Estimated from external data based on product description,1.67,9.2,GHGP,(not reported by company),N/a,N/a (no %change reported),No,0.4372,0.17129999999999998,0.39149999999999996,0.3556,0.0358
2016,No,Filtro 26 WS,Miquel Y Costas,Spain,Materials,Paper & Forest Products,Construction & commercial materials,1.0,As per company's submission to CDP,3.0,3.0,GHGP,-1.96%,During 2016 various energy efficiency projects were implemented and helped to decrease CO2 emissions per unit.,Product carbon efficiency changed,N/a (product with insufficient stage-level data),,,,,
2013,No,Dell Laptop,MITIE Group,United Kingdom,Commercial & Professional Services,Commercial Services & Supplies,"Home durables, textiles, & equipment",2.32,Estimated from external data based on product description,320.0,137.93,ISO,(not reported by company),N/a,N/a (no %change reported),N/a (product with insufficient stage-level data),,,,,
2013,No,"Kimberley-Clark toilet tissue, 10,000 sheets",MITIE Group,United Kingdom,Commercial & Professional Services,Commercial Services & Supplies,"Home durables, textiles, & equipment",4.2,Estimated from external data based on product description,20.0,4.76,ISO,-3.00%,Change in supplier,Product carbon efficiency changed,N/a (product with insufficient stage-level data),,,,,
2017,Yes,Paraformaldehyde,"Mitsubishi Gas Chemical Company, Inc.",Japan,Materials,Chemicals,Chemicals,500.0,As per company's submission to CDP,200.0,0.4,Not reported,16.00%,N/a,No specific reason reported,Yes,0.565,0.2993,0.13570000000000002,0.13570000000000002,
2017,Yes,Methacrylic acid,"Mitsubishi Gas Chemical Company, Inc.",Japan,Materials,Chemicals,Chemicals,20.0,As per company's submission to CDP,71.0,3.55,Not reported,11.00%,N/a,No specific reason reported,Yes,0.6444,0.34130000000000005,0.0143,0.0143,
2017,Yes,Hydrogen peroxide,"Mitsubishi Gas Chemical Company, Inc.",Japan,Materials,Chemicals,Chemicals,20.0,As per company's submission to CDP,4.0,0.2,Not reported,0.20%,N/a,No specific reason reported,Yes,0.6522,0.3454,0.0024,0.0024,
2017,Yes,Amines,"Mitsubishi Gas Chemical Company, Inc.",Japan,Materials,Chemicals,Chemicals,9.0,As per company's submission to CDP,8.0,0.89,Not reported,-2.00%,N/a,No specific reason reported,Yes,0.6368,0.3373,0.026000000000000002,0.026000000000000002,
2017,Yes,Peroxides,"Mitsubishi Gas Chemical Company, Inc.",Japan,Materials,Chemicals,Chemicals,25.0,As per company's submission to CDP,42.0,1.68,Not reported,-0.40%,N/a,No specific reason reported,Yes,0.6382,0.33799999999999997,0.023799999999999998,0.023799999999999998,
2017,No,Super-pure hydrogen peroxide,"Mitsubishi Gas Chemical Company, Inc.",Japan,Materials,Chemicals,Chemicals,17736.0,As per company's submission to CDP,6469.0,0.36,Not reported,-11.00%,"The delivery of super-pure hydrogen peroxide to ISR needs longer transport than other factories of customer. The delivery to ISR in FY2016 was less than FY2015. Therefore, the emissions of CO2 per unit of super-pure hydrogen peroxide decreased.",Product carbon efficiency changed,N/a (product with insufficient stage-level data),,,,,
2017,Yes,ELM,"Mitsubishi Gas Chemical Company, Inc.",Japan,Materials,Chemicals,Chemicals,160.0,As per company's submission to CDP,139.0,0.87,Not reported,-1.00%,"The container for BLU20 is heavier than the containers of other products, and BLU20 causes more CO2 emissions during its transport. The delivery of BLU20 in FY2016 was less than FY2015. Therefore, the emissions of CO2 per unit of ELM decreased.",Product carbon efficiency changed,Yes,0.0713,0.0377,0.8909999999999999,0.8909999999999999,
2017,Yes,TCDE,"Mitsubishi Gas Chemical Company, Inc.",Japan,Materials,Chemicals,Chemicals,12000.0,As per company's submission to CDP,99075.0,8.26,Not reported,15.00%,N/a,No specific reason reported,Yes,0.6495000000000001,0.344,0.0066,0.0066,
2017,No,Zinc Oxide,"Mitsui Mining & Smelting Co., Ltd.",Japan,Capital Goods,Aerospace & Defense,Comm. equipm. & capital goods,20.0,As per company's submission to CDP,5.6724,0.28,WBCSD,(not reported by company),N/a,N/a (no %change reported),N/a (product with insufficient stage-level data),,,,,
2013,No,500ml Coors Light brewed in the UK (steal can) CO2e expressed in CO2e/ hl,Molson Coors Brewing Company,USA,"Food, Beverage & Tobacco",Beverages,Food & Beverage,100.0,As per company's submission to CDP,31.37,0.31,ISO,-0.49%,change in secondary packaging format from high cone to shrink film.,Product carbon efficiency changed,N/a (product with insufficient stage-level data),,,,,
2013,No,"Carling brewed in the UK, 24 440ml cans in 4 packs",Molson Coors Brewing Company,USA,"Food, Beverage & Tobacco",Beverages,Food & Beverage,12.029,Estimated from external data based on product description,3.02,0.25,ISO,-0.88%,Project to move to shrink film secondary packaging.,Product carbon efficiency changed,N/a (product with insufficient stage-level data),,,,,
2014,No,"Carling brewed in the UK, 24 440ml cans in 4 packs",Molson Coors Brewing Company,USA,"Food, Beverage & Tobacco",Beverages,Food & Beverage,12.029,Estimated from external data based on product description,3.07,0.26,Not reported,-0.55%,Can end light weighting project.,Product carbon efficiency changed,N/a (product with insufficient stage-level data),,,,,
2013,No,"Carling brewed in the UK, 24 568ml cans in 4 packs",Molson Coors Brewing Company,USA,"Food, Beverage & Tobacco",Beverages,Food & Beverage,15.53,Estimated from external data based on product description,2.06,0.13,ISO,(not reported by company),N/a,N/a (no %change reported),N/a (product with insufficient stage-level data),,,,,
2014,No,"Carling brewed in the UK, 24 568ml cans in 4 packs",Molson Coors Brewing Company,USA,"Food, Beverage & Tobacco",Beverages,Food & Beverage,15.53,Estimated from external data based on product description,2.0519,0.13,ISO,-1.07%,Can end light weighting project.,Product carbon efficiency changed,N/a (product with insufficient stage-level data),,,,,
2014,Yes,"Coors Light brewed in the UK, 24 500ml cans in 4 packs",Molson Coors Brewing Company,USA,"Food, Beverage & Tobacco",Beverages,Food & Beverage,13.67,Estimated from external data based on product description,3.732,0.27,ISO,-0.86%,Can end light weighting project.,Product carbon efficiency changed,No,0.6493000000000001,0.2858,0.0649,0.061399999999999996,
2015,Yes,Server,NEC Corporation,Japan,Technology Hardware & Equipment,Not used for 2015 reporting,"Computer, IT & telecom",19.28,Estimated from external data based on product description,1600.0,82.99,ISO,-53.00%,"To improve the product performance, especially to support operation in a 40 degree Celsius (104 degree Fahrenheit) environment. However, in comparison with the increasing of  product performance, the products are designed in an energy efficient way, which means products produce less CO2.",Product carbon efficiency changed,Yes,0.054000000000000006,0.0206,0.9254000000000001,0.0334,0.0012
2015,No,Broadband Routers,NEC Corporation,Japan,Technology Hardware & Equipment,Not used for 2015 reporting,"Computer, IT & telecom",0.816,Estimated from external data based on product description,56.0,68.63,ISO,-30.00%,"Generally speaking, performances on hardware products are improved year by year.",Product carbon efficiency changed,N/a (product with insufficient stage-level data),,,,,
2015,Yes,Mobile Network Equipment,NEC Corporation,Japan,Technology Hardware & Equipment,Not used for 2015 reporting,"Computer, IT & telecom",19.28,Estimated from external data based on product description,10273.0,532.83,ISO,-4.00%,"Generally speaking, performances on hardware products are improved year by year.",Product carbon efficiency changed,Yes,0.0183,0.006999999999999999,0.9748,0.0,0.0001
2013,Yes,"1 dl cup of spray dried soluble Nescafé coffee ready to be drunk, at the consumers home",Nestlé,Switzerland,"Food, Beverage & Tobacco",Food Products,Food & Beverage,0.1,As per company's submission to CDP,0.07,0.7,French PEF,(not reported by company),N/a,N/a (no %change reported),No,0.2443,0.1603,0.5954,0.0458,
2014,No,Nescafé soluble coffee,Nestlé,Switzerland,"Food, Beverage & Tobacco",Food Products,Food & Beverage,0.1,As per company's submission to CDP,0.032,0.32,ISO,(not reported by company),N/a,N/a (no %change reported),N/a (product with insufficient stage-level data),,,,,
2015,No,Nescafé soluble coffee,Nestlé,Switzerland,Food & Beverage Processing,Not used for 2015 reporting,Food & Beverage,0.1,As per company's submission to CDP,0.032,0.32,ISO,(not reported by company),N/a,N/a (no %change reported),N/a (product with insufficient stage-level data),,,,,
2016,Yes,Nescafé soluble coffee,Nestlé,Switzerland,"Food, Beverage & Tobacco",Beverages,Food & Beverage,0.12,As per company's submission to CDP,0.052,0.43,ISO,(not reported by company),N/a,N/a (no %change reported),No,0.4961,0.1105,0.3934,0.0252,0.0
2013,Yes,"EcoShape  bottle of water (0.5 L): Serving of 500 ml of hydration to the consumer. The study examines the extraction and processing of all upstream raw materials to produce the products and packaging components; the manufacturing process; distribution logistics; product use and packaging disposal. The work has been conducted using the Ecoinvent database and SimaPro software.  Climate change impacts are measured in kg CO2 equivalents, following the IPCCs most recent methodology).  Scenario evaluations have been used to examine the importance of several variables in the product comparison. These include a range of possible consumer behaviours regarding the use of the products, such as conditions of refrigeration, washing of glasses, and disposal routes for packaging, among others.",Nestlé,Switzerland,"Food, Beverage & Tobacco",Food Products,Food & Beverage,0.54167,Estimated from external data based on product description,0.1405,0.26,ISO,(not reported by company),N/a,N/a (no %change reported),No,0.45880000000000004,0.0492,0.49200000000000005,0.4421,
2014,Yes,EcoShape  bottle of water (0.5 L),Nestlé,Switzerland,"Food, Beverage & Tobacco",Food Products,Food & Beverage,0.54167,Estimated from external data based on product description,0.1405,0.26,ISO,(not reported by company),N/a,N/a (no %change reported),No,0.4575,0.049100000000000005,0.49340000000000006,0.4409,0.0
2015,Yes,EcoShape bottle of water (0.5 L),Nestlé,Switzerland,Food & Beverage Processing,Not used for 2015 reporting,Food & Beverage,0.54167,Estimated from external data based on product description,0.1405,0.26,ISO,(not reported by company),N/a,N/a (no %change reported),No,0.4575,0.049100000000000005,0.49340000000000006,0.4409,0.0
2016,Yes,EcoShape bottle of water (0.5 L),Nestlé,Switzerland,"Food, Beverage & Tobacco",Beverages,Food & Beverage,0.54167,Estimated from external data based on product description,0.1405,0.26,Not reported,(not reported by company),N/a,N/a (no %change reported),No,0.4575,0.049100000000000005,0.49340000000000006,0.4409,0.0
2013,Yes,"Nestlé Babyfood NaturNes packaging - plastic pot The good assessed:"" Packaging systems used to provide one baby food meal in France, Spain, and Germany"". The 200-g packaging size was selected as the basis for this study. (The total emissions in kg CO2-e per unit provided [in this report] is the figure for France as it is not possible to list all three data in one cell. Please find detail by country and life cycle stages in questiom SM3.2.b",Nestlé,Switzerland,"Food, Beverage & Tobacco",Food Products,Food & Beverage,0.02,Estimated from external data based on product description,0.184,9.2,ISO,(not reported by company),N/a,N/a (no %change reported),No,0.44020000000000004,0.0761,0.48369999999999996,0.413,0.0707
2013,Yes,"Nestlé Babyfood NaturNes packaging - plastic pot The good assessed:"" Packaging systems used to provide one baby food meal in France, Spain, and Germany"". The 200-g packaging size was selected as the basis for this study. (The total emissions in kg CO2-e per unit provided [in this report] is the figure for France as it is not possible to list all three data in one cell. Please find detail by country and life cycle stages in questiom SM3.2.b",Nestlé,Switzerland,"Food, Beverage & Tobacco",Food Products,Food & Beverage,0.02,Estimated from external data based on product description,0.143,7.15,ISO,(not reported by company),N/a,N/a (no %change reported),No,0.5664,0.1329,0.3007,0.2867,0.013999999999999999
2013,Yes,"Nestlé Babyfood NaturNes packaging - plastic pot The good assessed:"" Packaging systems used to provide one baby food meal in France, Spain, and Germany"". The 200-g packaging size was selected as the basis for this study. (The total emissions in kg CO2-e per unit provided [in this report] is the figure for France as it is not possible to list all three data in one cell. Please find detail by country and life cycle stages in questiom SM3.2.b",Nestlé,Switzerland,"Food, Beverage & Tobacco",Food Products,Food & Beverage,0.02,Estimated from external data based on product description,0.125,6.25,ISO,(not reported by company),N/a,N/a (no %change reported),No,0.648,0.11199999999999999,0.24,0.22399999999999998,0.016
2013,Yes,Average mobile phone,Nokia Group,Finland,Technology Hardware & Equipment,Communications Equipment,"Computer, IT & telecom",0.218,Estimated from external data based on product description,12.0,55.05,ISO,(not reported by company),N/a,N/a (no %change reported),No,0.5417000000000001,0.0417,0.4167,0.1583,0.0083
2014,Yes,Mobile phone,Nokia Group,Finland,Technology Hardware & Equipment,Communications Equipment,"Computer, IT & telecom",0.218,Estimated from external data based on product description,12.0,55.05,ISO,(not reported by company),N/a,N/a (no %change reported),No,0.5417000000000001,0.0417,0.4167,0.1583,0.0083
2013,Yes,"Nokia Lumia 800. Nokia's high end smart phone, mass = 142 g including battery.",Nokia Group,Finland,Technology Hardware & Equipment,Communications Equipment,"Computer, IT & telecom",0.142,As per company's submission to CDP,16.0,112.68,ISO,(not reported by company),N/a,N/a (no %change reported),No,0.6543000000000001,0.037000000000000005,0.3086,0.142,0.0062
2013,Yes,"Nokia Asha 300. Nokia's low end device, mass = 85 g incluging battery.",Nokia Group,Finland,Technology Hardware & Equipment,Communications Equipment,"Computer, IT & telecom",0.085,As per company's submission to CDP,8.0,94.12,ISO,(not reported by company),N/a,N/a (no %change reported),No,0.37829999999999997,0.0709,0.5508,0.1655,0.0070999999999999995
2017,No,ECU,OMRON Corporation,Japan,Technology Hardware & Equipment,"Electronic Equipment, Instruments & Components","Computer, IT & telecom",1.06,Estimated from external data based on product description,7.5,7.08,GHGP,(not reported by company),N/a,N/a (no %change reported),N/a (product with insufficient stage-level data),,,,,
2017,No,Laser radar,OMRON Corporation,Japan,Technology Hardware & Equipment,"Electronic Equipment, Instruments & Components","Computer, IT & telecom",1.34,Estimated from external data based on product description,86.2,64.33,GHGP,(not reported by company),N/a,N/a (no %change reported),N/a (product with insufficient stage-level data),,,,,
2014,No,Blood Pressure Monitor HEM-7113,OMRON Corporation,Japan,Technology Hardware & Equipment,"Electronic Equipment, Instruments & Components","Computer, IT & telecom",0.5448,Estimated from external data based on product description,28.2,51.76,GHGP,(not reported by company),N/a,N/a (no %change reported),N/a (product with insufficient stage-level data),,,,,
2017,No,Power window switch,OMRON Corporation,Japan,Technology Hardware & Equipment,"Electronic Equipment, Instruments & Components","Computer, IT & telecom",0.45,Estimated from external data based on product description,9.0,20.0,GHGP,(not reported by company),N/a,N/a (no %change reported),N/a (product with insufficient stage-level data),,,,,
2017,No,Safety controller,OMRON Corporation,Japan,Technology Hardware & Equipment,"Electronic Equipment, Instruments & Components","Computer, IT & telecom",0.42,Estimated from external data based on product description,1.617,3.85,GHGP,(not reported by company),N/a,N/a (no %change reported),N/a (product with insufficient stage-level data),,,,,
2017,No,Switch,OMRON Corporation,Japan,Technology Hardware & Equipment,"Electronic Equipment, Instruments & Components","Computer, IT & telecom",0.25,Estimated from external data based on product description,0.069,0.28,GHGP,(not reported by company),N/a,N/a (no %change reported),N/a (product with insufficient stage-level data),,,,,
2014,No,Keyless Entry System for Automobiles(Transmitter + Receiver unit),OMRON Corporation,Japan,Technology Hardware & Equipment,"Electronic Equipment, Instruments & Components","Computer, IT & telecom",0.112,Estimated from external data based on product description,8.96,80.0,GHGP,(not reported by company),N/a,N/a (no previous data available),N/a (product with insufficient stage-level data),,,,,
2014,No,Signal Relay Type G6Zk-1F-TR,OMRON Corporation,Japan,Technology Hardware & Equipment,"Electronic Equipment, Instruments & Components","Computer, IT & telecom",0.0028,Estimated from external data based on product description,0.145,51.79,Not reported,(not reported by company),N/a,N/a (no %change reported),N/a (product with insufficient stage-level data),,,,,
2017,No,Automotive Relay,OMRON Corporation,Japan,Technology Hardware & Equipment,"Electronic Equipment, Instruments & Components","Computer, IT & telecom",0.034,Estimated from external data based on product description,3.3,97.06,GHGP,(not reported by company),N/a,N/a (no %change reported),N/a (product with insufficient stage-level data),,,,,
2017,No,Automotive Relay,OMRON Corporation,Japan,Technology Hardware & Equipment,"Electronic Equipment, Instruments & Components","Computer, IT & telecom",0.034,Estimated from external data based on product description,1.1,32.35,GHGP,(not reported by company),N/a,N/a (no %change reported),N/a (product with insufficient stage-level data),,,,,
2017,No,Automotive Relay,OMRON Corporation,Japan,Technology Hardware & Equipment,"Electronic Equipment, Instruments & Components","Computer, IT & telecom",0.034,Estimated from external data based on product description,0.6,17.65,GHGP,(not reported by company),N/a,N/a (no %change reported),N/a (product with insufficient stage-level data),,,,,
2017,No,Blood Pressure Monitor,OMRON Corporation,Japan,Technology Hardware & Equipment,"Electronic Equipment, Instruments & Components","Computer, IT & telecom",0.25,As per company's submission to CDP,28.2,112.8,GHGP,28.20%,"Because the amount of emission in a product use stage accounts for the most part, and other influence is difficult to undergo.",Product carbon efficiency changed,N/a (product with insufficient stage-level data),,,,,
2017,No,ECU,OMRON Corporation,Japan,Technology Hardware & Equipment,"Electronic Equipment, Instruments & Components","Computer, IT & telecom",1.06,Estimated from external data based on product description,7.5,7.08,GHGP,(not reported by company),N/a,N/a (no %change reported),N/a (product with insufficient stage-level data),,,,,
2013,Yes,City gas,"Osaka Gas Co., Ltd.",Japan,Utilities,Gas Utilities,Comm. equipm. & capital goods,1.062,Estimated from external data based on product description,60.58,57.04,Not reported,(not reported by company),N/a,N/a (no %change reported),Yes,0.1251,0.0269,0.848,0.0325,
2015,Yes,City gas,"Osaka Gas Co., Ltd.",Japan,Gas Utilities,Not used for 2015 reporting,Comm. equipm. & capital goods,1.062,Estimated from external data based on product description,60.58,57.04,Not reported,(not reported by company),N/a,N/a (no %change reported),Yes,0.1251,0.0269,0.848,0.0325,
2016,Yes,City gas,"Osaka Gas Co., Ltd.",Japan,Utilities,Gas Utilities,Comm. equipm. & capital goods,1.062,Estimated from external data based on product description,60.64,57.1,GHGP,-2.30%,"The latest edition of the survey shows the emission coefficient reduction in production and combustion process of LNG by approx. 2.3%. [...] It is calculated by the LCA method. : LCA Life Cycle Assessment : A comprehensive qualification method of survey, analysis, and evaluation of the amount of environmental impacts of products and services. The assessment covers all the related processes from resource extraction to waste disposal including production, transportation, consumption, and recycling for the products and services.",Product carbon efficiency changed,No,0.1234,0.011899999999999999,0.8648,0.024399999999999998,
2013,No,Walkers Crisps 32.5 g sold in the United Kingdom,"PepsiCo, Inc.",USA,"Food, Beverage & Tobacco",Beverages,Food & Beverage,0.0325,As per company's submission to CDP,0.08,2.46,GHGP,-2.00%,"Please note that supplied figures are based on a re-baselined and certified Carbon Footprint with the Carbon Trust reflecting serving size changes.  The date of previous figure supplied reflects the date of the previous certification.  The reduction in our Walkers Crisps product can be attributed to  Electricity and gas efficiency improvements at site as a result of continued reduction targets at site.  Reduction of fuel consumption per km travelled (through vehicle replacements and driver efficiency).  Increased efficiency in logistics network management, resulting in a reduction in less empty return journeys. This included partners with customers.  A secondary packaging (corrugate case) weight reduction of 5%  Increased efficiency of raw material use at sites.  The UK business has made a commitment to reduce the agricultural footprint (carbon & water) of key potato suppliers by 50% in 5 years  the results of this supply chain engagement should be evidenced in the next re-certification.",Product carbon efficiency changed,N/a (product with insufficient stage-level data),,,,,
2014,No,Walkers Crisps 32.5 g sold in the United Kingdom,"PepsiCo, Inc.",USA,"Food, Beverage & Tobacco",Beverages,Food & Beverage,0.0325,As per company's submission to CDP,0.08,2.46,GHGP,-2.00%,"Please note that supplied figures are based on a re-baselined and certified Carbon Footprint with the Carbon Trust reflecting serving size changes. The date of previous figure supplied reflects the date of the previous certification. The reduction in our Walkers Crisps product can be attributed to  Electricity and gas efficiency improvements at site as a result of continued reduction targets at site.  Reduction of fuel consumption per km travelled (through vehicle replacements and driver efficiency).  Increased efficiency in logistics network management, resulting in a reduction in less empty return journeys. This included partners with customers.  A secondary packaging (corrugate case) weight reduction of 5%  Increased efficiency of raw material use at sites. The UK business has also made a commitment to reduce the agricultural footprint (carbon & water) of key potato suppliers by 50% in 5 years.",Product carbon efficiency changed,N/a (product with insufficient stage-level data),,,,,
2015,No,Walkers Crisps 32.5 g sold in the United Kingdom,"PepsiCo, Inc.",USA,Food & Beverage Processing,Not used for 2015 reporting,Food & Beverage,0.0325,As per company's submission to CDP,0.08,2.46,GHGP,-2.00%,"Please note that supplied figures are based on a re-baselined and certified Carbon Footprint with the Carbon Trust reflecting serving size changes. The date of previous figure supplied reflects the date of the previous certification. The reduction in our Walkers Crisps product can be attributed to  Electricity and gas efficiency improvements at site as a result of continued reduction targets at site.  Reduction of fuel consumption per km travelled (through vehicle replacements and driver efficiency).  Increased efficiency in logistics network management, resulting in a reduction in less empty return journeys. This included partners with customers.  A secondary packaging (corrugate case) weight reduction of 5%  Increased efficiency of raw material use at sites. The UK business has also made a commitment to reduce the agricultural footprint (carbon & water) of key potato suppliers by 50% in 5 years",Product carbon efficiency changed,N/a (product with insufficient stage-level data),,,,,
2013,No,Walkers Crisps 50g bag sold in the United Kingdom,"PepsiCo, Inc.",USA,"Food, Beverage & Tobacco",Beverages,Food & Beverage,0.05,As per company's submission to CDP,0.12,2.4,GHGP,-2.00%,"Please note that supplied figures are based on a re-baselined and certified Carbon Footprint with the Carbon Trust.  The date of previous figure supplied reflects the date of the previous certification.  The reduction in our Walkers Crisps product can be attributed to  Electricity and gas efficiency improvements at site as a result of continued reduction targets at site.  Reduction of fuel consumption per km travelled (through vehicle replacements and driver efficiency).  Increased efficiency in logistics network management, resulting in a reduction in less empty return journeys. This included partners with customers.  A secondary packaging (corrugate case) weight reduction of 5%  Increased efficiency of raw material use at sites.  The UK business has made a commitment to reduce the agricultural footprint (carbon & water) of key potato suppliers by 50% in 5 years  the results of this supply chain engagement should be evidenced in the next re-certification.",Product carbon efficiency changed,N/a (product with insufficient stage-level data),,,,,
2014,No,Walkers Crisps 50g bag sold in the United Kingdom,"PepsiCo, Inc.",USA,"Food, Beverage & Tobacco",Beverages,Food & Beverage,0.05,As per company's submission to CDP,0.12,2.4,GHGP,-2.00%,"Please note that supplied figures are based on a re-baselined and certified Carbon Footprint with the Carbon Trust. The date of previous figure supplied reflects the date of the previous certification. The reduction in our Walkers Crisps product can be attributed to  Electricity and gas efficiency improvements at site as a result of continued reduction targets at site.  Reduction of fuel consumption per km travelled (through vehicle replacements and driver efficiency).  Increased efficiency in logistics network management, resulting in a reduction in less empty return journeys. This included partners with customers.  A secondary packaging (corrugate case) weight reduction of 5%  Increased efficiency of raw material use at sites. The UK business has made a commitment to reduce the agricultural footprint (carbon & water) of key potato suppliers by 50% in 5 years.",Product carbon efficiency changed,N/a (product with insufficient stage-level data),,,,,
2015,No,Walkers Crisps 50g bag sold in the United Kingdom,"PepsiCo, Inc.",USA,Food & Beverage Processing,Not used for 2015 reporting,Food & Beverage,0.05,As per company's submission to CDP,0.12,2.4,GHGP,-2.00%,"Please note that supplied figures are based on a re-baselined and certified Carbon Footprint with the Carbon Trust. The date of previous figure supplied reflects the date of the previous certification. The reduction in our Walkers Crisps product can be attributed to  Electricity and gas efficiency improvements at site as a result of continued reduction targets at site.  Reduction of fuel consumption per km travelled (through vehicle replacements and driver efficiency).  Increased efficiency in logistics network management, resulting in a reduction in less empty return journeys. This included partners with customers.  A secondary packaging (corrugate case) weight reduction of 5%  Increased efficiency of raw material use at sites. The UK business has made a commitment to reduce the agricultural footprint (carbon & water) of key potato suppliers by 50% in 5 years.",Product carbon efficiency changed,N/a (product with insufficient stage-level data),,,,,
2013,No,Quaker Oats 1Kg box sold in the United Kingdom,"PepsiCo, Inc.",USA,"Food, Beverage & Tobacco",Beverages,Food & Beverage,0.04,As per company's submission to CDP,0.07,1.75,GHGP,-12.00%,"Please note that 0.07 kg of CO2e reflects a per serving size of 40g.  Reduced cooking times prescribed on pack.  Logistics efficiency improvements, notably: reduction of fuel consumption per km travelled (through vehicle replacements and driver efficiency); increased efficiency in network management resulting in less empty return journeys. This included working with customers; substituting road transportation with rail between Cupar and our Southern Regional Distribution Centre.  A change in carton supplier between 2008 and 2010.  Increased product output per Kg oats, due to improved site efficiency with raw materials.   The UK business has made a commitment to reduce the agricultural footprint (carbon & water) of key oat suppliers by 50% in 5 years  the results of this supply chain engagement should be evidenced in the next re-certification.",Product carbon efficiency changed,N/a (product with insufficient stage-level data),,,,,
2014,No,Quaker Oats 1Kg box sold in the United Kingdom,"PepsiCo, Inc.",USA,"Food, Beverage & Tobacco",Beverages,Food & Beverage,0.04,As per company's submission to CDP,0.07,1.75,GHGP,-12.00%,"Please note that 0.07 kg of CO2e reflects a per serving size of 40g. Reduced cooking times prescribed on pack.  Logistics efficiency improvements, notably: reduction of fuel consumption per km travelled (through vehicle replacements and driver efficiency); increased efficiency in network management resulting in less empty return journeys. This included working with customers; substituting road transportation with rail between Cupar and our Southern Regional Distribution Centre.  A change in carton supplier between 2008 and 2010.  Increased product output per Kg oats, due to improved site efficiency with raw materials. The UK business has made a commitment to reduce the agricultural footprint (carbon & water) of key oat suppliers by 50% in 5 years.",Product carbon efficiency changed,N/a (product with insufficient stage-level data),,,,,
2015,No,Quaker Oats 1Kg box sold in the United Kingdom,"PepsiCo, Inc.",USA,Food & Beverage Processing,Not used for 2015 reporting,Food & Beverage,0.04,As per company's submission to CDP,0.07,1.75,GHGP,-12.00%,"Please note that 0.07 kg of CO2e reflects a per serving size of 40g. Reduced cooking times prescribed on pack.  Logistics efficiency improvements, notably: reduction of fuel consumption per km travelled (through vehicle replacements and driver efficiency); increased efficiency in network management resulting in less empty return journeys. This included working with customers; substituting road transportation with rail between Cupar and our Southern Regional Distribution Centre.  A change in carton supplier between 2008 and 2010.  Increased product output per Kg oats, due to improved site efficiency with raw materials. The UK business has made a commitment to reduce the agricultural footprint (carbon & water) of key oat suppliers by 50% in 5 years.",Product carbon efficiency changed,N/a (product with insufficient stage-level data),,,,,
2013,No,Quaker Oats So Simple Original and Golden Syrup products,"PepsiCo, Inc.",USA,"Food, Beverage & Tobacco",Beverages,Food & Beverage,0.324,As per company's submission to CDP,0.65,2.01,GHGP,-12.00%,"Please note the figures reflects a per serving size of 27g or 36g depending on SKU f.  Reduced cooking times prescribed on pack.  Logistics efficiency improvements, notably: reduction of fuel consumption per km travelled (through vehicle replacements and driver efficiency); increased efficiency in network management resulting in less empty return journeys, this included working with customers; substituting road transportation with rail between site and our Southern Regional Distribution Centre.  A change in carton supplier between 2008 and 2010.  Increased product output per Kg oats, due to improved site efficiency with raw materials.  The UK business has made a commitment to reduce the agricultural footprint (carbon & water) of key oat suppliers by 50% in 5 years  the results of this supply chain engagement should be evidenced in the next re-certification.",Product carbon efficiency changed,N/a (product with insufficient stage-level data),,,,,
2014,No,Quaker Oats So Simple Original and Golden Syrup products,"PepsiCo, Inc.",USA,"Food, Beverage & Tobacco",Beverages,Food & Beverage,0.324,As per company's submission to CDP,0.65,2.01,GHGP,-12.00%,"Please note the figures reflects a per serving size of 27g or 36g depending on SKU f. Reduced cooking times prescribed on pack.  Logistics efficiency improvements, notably: reduction of fuel consumption per km travelled (through vehicle replacements and driver efficiency); increased efficiency in network management resulting in less empty return journeys, this included working with customers; substituting road transportation with rail between site and our Southern Regional Distribution Centre.  A change in carton supplier between 2008 and 2010.  Increased product output per Kg oats, due to improved site efficiency with raw materials. The UK business has made a commitment to reduce the agricultural footprint (carbon & water) of key oat suppliers by 50% in 5 years.",Product carbon efficiency changed,N/a (product with insufficient stage-level data),,,,,
2015,No,Quaker Oats So Simple Original and Golden Syrup products,"PepsiCo, Inc.",USA,Food & Beverage Processing,Not used for 2015 reporting,Food & Beverage,0.324,As per company's submission to CDP,0.65,2.01,GHGP,-12.00%,"Please note the figures reflects a per serving size of 27g or 36g depending on SKU f. Reduced cooking times prescribed on pack.  Logistics efficiency improvements, notably: reduction of fuel consumption per km travelled (through vehicle replacements and driver efficiency); increased efficiency in network management resulting in less empty return journeys, this included working with customers; substituting road transportation with rail between site and our Southern Regional Distribution Centre.  A change in carton supplier between 2008 and 2010.  Increased product output per Kg oats, due to improved site efficiency with raw materials. The UK business has made a commitment to reduce the agricultural footprint (carbon & water) of key oat suppliers by 50% in 5 years.",Product carbon efficiency changed,N/a (product with insufficient stage-level data),,,,,
2013,No,HH DVD,Philips & Lite-On Digital Solutions Corp.,Taiwan,Technology Hardware & Equipment,Computers & Peripherals,"Computer, IT & telecom",0.0907185,Estimated from external data based on product description,25.5,281.09,Not reported,(not reported by company),N/a,N/a (no %change reported),N/a (product with insufficient stage-level data),,,,,
2013,Yes,power supply unit (MF6004-030L),Acbel Polytech Inc,Taiwan,Technology Hardware & Equipment,Computers & Peripherals,"Computer, IT & telecom",1.8,Estimated from external data based on product description,244.09,135.61,PAS2050,(not reported by company),N/a,N/a (no previous data available),No,0.43689999999999996,0.4644,0.0987,0.0987,
2013,No,CD-ROM,Quanta Storage Inc.,China,Technology Hardware & Equipment,Computers & Peripherals,"Computer, IT & telecom",0.0907185,Estimated from external data based on product description,1.62,17.86,Not reported,12.00%,N/a,No specific reason reported,N/a (product with insufficient stage-level data),,,,,
2014,No,CD-ROM,Quanta Storage Inc.,China,Technology Hardware & Equipment,Computers & Peripherals,"Computer, IT & telecom",0.0907185,Estimated from external data based on product description,12.0,132.28,Not reported,(not reported by company),N/a,N/a (no %change reported),N/a (product with insufficient stage-level data),,,,,
2014,Yes,LED Lighting,Qisda,Taiwan,Technology Hardware & Equipment,Computers & Peripherals,"Computer, IT & telecom",6.3,As per company's submission to CDP,33.31,5.29,PAS2050,(not reported by company),N/a,N/a (no previous data available),No,0.9838,0.0138,0.0024,0.0024,
2014,Yes,Projector,Qisda,Taiwan,Technology Hardware & Equipment,Computers & Peripherals,"Computer, IT & telecom",2.8,As per company's submission to CDP,88.96,31.77,PAS2050,(not reported by company),N/a,N/a (no previous data available),No,0.877,0.1206,0.0024,0.0024,
2013,Yes,"19 LCD Monitor  Weight: 2.4Kg  Diagonal size: 19""  Power consumption: <16.25W (on mode), <0.72W (power saving mode), <0.53W (off mode) Excluded from the study of carbon footprint of product were CD?Manual and Quick Start Guide",Qisda,Taiwan,Technology Hardware & Equipment,Computers & Peripherals,"Computer, IT & telecom",2.4,As per company's submission to CDP,70.02,29.18,PAS2050,(not reported by company),N/a,N/a (no previous data available),No,0.9840000000000001,0.0129,0.0031,0.0031,
2014,Yes,Mobile Phone,Qisda,Taiwan,Technology Hardware & Equipment,Computers & Peripherals,"Computer, IT & telecom",0.31,As per company's submission to CDP,19.38,62.52,PAS2050,(not reported by company),N/a,N/a (no previous data available),No,0.8818,0.11710000000000001,0.001,0.001,
2015,Yes,Monitor,Qisda,Taiwan,Technology Hardware & Equipment,Not used for 2015 reporting,"Computer, IT & telecom",7.4,As per company's submission to CDP,66.19,8.94,PAS2050,(not reported by company),N/a,N/a (no previous data available),No,0.9721,0.022400000000000003,0.005600000000000001,0.005600000000000001,
2016,Yes,Monitor,Qisda,Taiwan,Technology Hardware & Equipment,"Electronic Equipment, Instruments & Components","Computer, IT & telecom",5.8,As per company's submission to CDP,74.83,12.9,PAS2050,(not reported by company),N/a,N/a (no previous data available),No,0.9706,0.015600000000000001,0.0138,0.0138,
2015,Yes,Projector,Qisda,Taiwan,Technology Hardware & Equipment,Not used for 2015 reporting,"Computer, IT & telecom",3.4,As per company's submission to CDP,83.18,24.46,PAS2050,(not reported by company),N/a,N/a (no previous data available),No,0.9841,0.0127,0.0031,0.0031,
2016,Yes,Projector,Qisda,Taiwan,Technology Hardware & Equipment,"Electronic Equipment, Instruments & Components","Computer, IT & telecom",4.4,As per company's submission to CDP,99.68,22.65,PAS2050,(not reported by company),N/a,N/a (no previous data available),No,0.9726,0.0241,0.0033,0.0033,
2015,Yes,Mobile Phone,Qisda,Taiwan,Technology Hardware & Equipment,Not used for 2015 reporting,"Computer, IT & telecom",0.35,As per company's submission to CDP,53.36,152.46,PAS2050,(not reported by company),N/a,N/a (no previous data available),No,0.9940000000000001,0.0006,0.0054,0.0054,
2016,Yes,Mobile Phone,Qisda,Taiwan,Technology Hardware & Equipment,"Electronic Equipment, Instruments & Components","Computer, IT & telecom",0.35,As per company's submission to CDP,16.21,46.31,PAS2050,(not reported by company),N/a,N/a (no previous data available),No,0.9937999999999999,0.0043,0.0019,0.0019,
2015,Yes,LED Lighting,Qisda,Taiwan,Technology Hardware & Equipment,Not used for 2015 reporting,"Computer, IT & telecom",8.2,As per company's submission to CDP,69.12,8.43,PAS2050,(not reported by company),N/a,N/a (no previous data available),No,0.8295999999999999,0.16879999999999998,0.0016,0.0016,
2016,Yes,LED Lighting,Qisda,Taiwan,Technology Hardware & Equipment,"Electronic Equipment, Instruments & Components","Computer, IT & telecom",5.8,As per company's submission to CDP,24.04,4.14,PAS2050,(not reported by company),N/a,N/a (no previous data available),No,0.9009999999999999,0.09570000000000001,0.0033,0.0033,
2015,Yes,Industrial Solutions,Qisda,Taiwan,Technology Hardware & Equipment,Not used for 2015 reporting,"Computer, IT & telecom",14.2,As per company's submission to CDP,146.41,10.31,PAS2050,(not reported by company),N/a,N/a (no previous data available),No,0.9688,0.027000000000000003,0.0042,0.0042,
2016,Yes,Industrial Solutions,Qisda,Taiwan,Technology Hardware & Equipment,"Electronic Equipment, Instruments & Components","Computer, IT & telecom",7.0,As per company's submission to CDP,66.16,9.45,PAS2050,(not reported by company),N/a,N/a (no previous data available),No,0.8948,0.1002,0.005,0.005,
2013,Yes,Projector  Weight: 7.5Kg Lamp: 24 pcs laser with phosphor Excluded from the study of carbon footprint of product were CD?Manual and Quick Start Guide.,Qisda,Taiwan,Technology Hardware & Equipment,Computers & Peripherals,"Computer, IT & telecom",7.5,As per company's submission to CDP,182.927,24.39,PAS2050,(not reported by company),N/a,N/a (no previous data available),No,0.9917,0.0052,0.0031,0.0031,
2013,Yes,"Mobile phone Weight: 0.11kg Screen Diagonal: 3.7"" WVGA (800*480) 16M Color TFT-LCD Power Consumption: Standby time(1300m Ah): Up to 4 hrs depends on real-network Excluded from the study of carbon footprint of product were CD?Manual and Quick Start Guide.",Qisda,Taiwan,Technology Hardware & Equipment,Computers & Peripherals,"Computer, IT & telecom",0.11,As per company's submission to CDP,18.756,170.51,PAS2050,(not reported by company),N/a,N/a (no previous data available),No,0.6915,0.3081,0.0004,0.0004,
2013,Yes,Digital Photo Frame Weight: 0.8 kg Diagonal size: 7D Overall Dimension: 238*202*39.7mm Excluded from the study of carbon footprint of product were CD?Manual and Quick Start Guide.,Qisda,Taiwan,Technology Hardware & Equipment,Computers & Peripherals,"Computer, IT & telecom",0.8,As per company's submission to CDP,25.517,31.9,PAS2050,(not reported by company),N/a,N/a (no previous data available),No,0.9843000000000001,0.013300000000000001,0.0024,0.0024,
2013,Yes,Scanner  Weight: 1.4 kg Power supply: 12V/1.5A Excluded from the study of carbon footprint of product were CD?Manual and Quick Start Guide.,Qisda,Taiwan,Technology Hardware & Equipment,Computers & Peripherals,"Computer, IT & telecom",1.4,As per company's submission to CDP,20.886,14.92,PAS2050,(not reported by company),N/a,N/a (no previous data available),No,0.9547,0.0452,0.0001,0.0001,
2014,Yes,Monitor,Qisda,Taiwan,Technology Hardware & Equipment,Computers & Peripherals,"Computer, IT & telecom",11.0,As per company's submission to CDP,105.56,9.6,PAS2050,(not reported by company),N/a,N/a (no previous data available),No,0.9647,0.0301,0.0052,0.0052,
2014,Yes,42' Industrial Solutions,Qisda,Taiwan,Technology Hardware & Equipment,Computers & Peripherals,"Computer, IT & telecom",23.0,As per company's submission to CDP,174.46,7.59,PAS2050,(not reported by company),N/a,N/a (no previous data available),No,0.9689,0.0171,0.0139,0.0139,
2014,Yes,Mobile Infotainment,Qisda,Taiwan,Technology Hardware & Equipment,Computers & Peripherals,"Computer, IT & telecom",0.7,As per company's submission to CDP,25.72,36.74,PAS2050,(not reported by company),N/a,N/a (no previous data available),No,0.972,0.026000000000000002,0.0019,0.0019,
2014,Yes,Surveillance Camera & Products,Qisda,Taiwan,Technology Hardware & Equipment,Computers & Peripherals,"Computer, IT & telecom",0.162,As per company's submission to CDP,6.13,37.84,PAS2050,(not reported by company),N/a,N/a (no previous data available),No,0.9037999999999999,0.08810000000000001,0.008199999999999999,0.008199999999999999,
2013,Yes,BlackBerry Bold 9900,BlackBerry Limited,Canada,Telecommunication Services,Wireless Telecommunication Services,"Computer, IT & telecom",0.13,Estimated from external data based on product description,52.2,401.54,ISO,(not reported by company),N/a,N/a (no %change reported),Yes,0.44179999999999997,0.1685,0.3896,0.0263,0.013600000000000001
2014,Yes,BlackBerry Z10,BlackBerry Limited,Canada,Technology Hardware & Equipment,Communications Equipment,"Computer, IT & telecom",0.1375,Estimated from external data based on product description,57.1,415.27,ISO,(not reported by company),N/a,N/a (no %change reported),Yes,0.4569,0.1743,0.3688,0.0108,0.0052
2015,Yes,BlackBerry Passport,BlackBerry Limited,Canada,Technology Hardware & Equipment,Not used for 2015 reporting,"Computer, IT & telecom",0.205,Estimated from external data based on product description,65.1,317.56,ISO,(not reported by company),N/a,N/a (no %change reported),Yes,0.43729999999999997,0.1668,0.39590000000000003,0.031,0.0019
2016,Yes,BlackBerry Passport,BlackBerry Limited,Canada,Technology Hardware & Equipment,"Electronic Equipment, Instruments & Components","Computer, IT & telecom",0.205,Estimated from external data based on product description,65.1,317.56,ISO,(not reported by company),N/a,N/a (no %change reported),Yes,0.43729999999999997,0.1668,0.39590000000000003,0.031,0.0019
2016,Yes,BlackBerry Classic,BlackBerry Limited,Canada,Technology Hardware & Equipment,"Electronic Equipment, Instruments & Components","Computer, IT & telecom",0.178,Estimated from external data based on product description,62.8,352.81,ISO,(not reported by company),N/a,N/a (no %change reported),Yes,0.4403,0.1679,0.3917,0.034300000000000004,0.0023
2016,Yes,BlackBerry Priv,BlackBerry Limited,Canada,Technology Hardware & Equipment,"Electronic Equipment, Instruments & Components","Computer, IT & telecom",0.192,Estimated from external data based on product description,79.9,416.15,ISO,(not reported by company),N/a,N/a (no %change reported),Yes,0.45130000000000003,0.1721,0.3766,0.0207,0.0018
2017,Yes,Ricoh SP C352DN,"Ricoh Co., Ltd.",Japan,Technology Hardware & Equipment,"Electronic Equipment, Instruments & Components","Computer, IT & telecom",33.0,Estimated from external data based on product description,1640.0,49.7,ISO,-20.00%,"% change is based on LCA emissions data value between two products (SP C352DN and its predecessor model, SP C342DN). The emissions data was calculated based on ""EcoLeaf"" environmental Labeling program, which is based on ISO 14025 Environmental Product Declaration (EPD) standard as third-party Full-LCA certification.These two models are in the same product category (A4/Letter size color printer) and have a comparable spec. (30 print per minute of C352DN and 26 print per minute of C342DN).",Product carbon efficiency changed,No,0.07730000000000001,0.0212,0.9015000000000001,0.0187,0.0125
2013,No,"Ricoh Aficio MP 6002SP, a Mono-chrome MFP (Multi-function products) products that function as Copier, Network Printer, Scanner, (Facsimile).","Ricoh Co., Ltd.",Japan,Technology Hardware & Equipment,Office Electronics,"Computer, IT & telecom",214.0,Estimated from external data based on product description,2400.0,11.21,ISO,(not reported by company),N/a,N/a (no %change reported),N/a (product with insufficient stage-level data),,,,,
2013,No,"Ricoh Aficio MP C5502G, a Full-color MFP (Multi-function products) products that function as Copier, Network Printer, Scanner, (Facsimile).","Ricoh Co., Ltd.",Japan,Technology Hardware & Equipment,Office Electronics,"Computer, IT & telecom",130.0,Estimated from external data based on product description,2100.0,16.15,Not reported,(not reported by company),N/a,N/a (no %change reported),N/a (product with insufficient stage-level data),,,,,
2013,No,"Ricoh Aficio SP 8300DN, a high-speed Mono-chrome Network Printer","Ricoh Co., Ltd.",Japan,Technology Hardware & Equipment,Office Electronics,"Computer, IT & telecom",73.0,Estimated from external data based on product description,1297.0,17.77,Not reported,(not reported by company),N/a,N/a (no %change reported),N/a (product with insufficient stage-level data),,,,,
2013,No,"Ricoh Aficio SP C831DN, a high-speed Full-colour Network Printer","Ricoh Co., Ltd.",Japan,Technology Hardware & Equipment,Office Electronics,"Computer, IT & telecom",97.0,Estimated from external data based on product description,3210.0,33.09,Not reported,(not reported by company),N/a,N/a (no %change reported),N/a (product with insufficient stage-level data),,,,,
2013,No,"Ricoh Pro C751EX, a Production Printer (Full Color) that is used primarily for high-speed and production type (large print volume) job","Ricoh Co., Ltd.",Japan,Technology Hardware & Equipment,Office Electronics,"Computer, IT & telecom",550.0,Estimated from external data based on product description,7368.0,13.4,Not reported,(not reported by company),N/a,N/a (no %change reported),N/a (product with insufficient stage-level data),,,,,
2014,No,Ricoh MP C5503,"Ricoh Co., Ltd.",Japan,Technology Hardware & Equipment,Office Electronics,"Computer, IT & telecom",99.9,Estimated from external data based on product description,1940.0,19.42,ISO,-22.00%,% change is based on TEC (typical weekly electricity consumption) value between MP C5503 and its comparable previous model of three years ago.,Model and/or parameters changed (but not product),N/a (product with insufficient stage-level data),,,,,
2014,No,Ricoh MP C8002SP: The product is a high-speed (80 images/minute) color multi-functional product (MFP) and is a major representative of our image solution products business.  The lifecycle emissions data of this product is provided as a case example of our entire image solution business products line which covers 77% of Ricoh's total revenue.,"Ricoh Co., Ltd.",Japan,Technology Hardware & Equipment,Office Electronics,"Computer, IT & telecom",241.0,Estimated from external data based on product description,6140.0,25.48,Not reported,(not reported by company),N/a,N/a (no %change reported),N/a (product with insufficient stage-level data),,,,,
2015,No,Ricoh MP 6054SPG,"Ricoh Co., Ltd.",Japan,Technology Hardware & Equipment,Not used for 2015 reporting,"Computer, IT & telecom",74.0,Estimated from external data based on product description,1330.0,17.97,ISO,-31.00%,"% change is based on TEC (typical weekly electricity consumption) value between MP 6054SPG and MP C5503, the model we presented as the case example model for the previous year report. These two models are in the same product category (color MFP) and have a comparable spec. (55 print per minute of C5503 compared to 60 print per minute with 6054SPG).",Model and/or parameters changed (but not product),N/a (product with insufficient stage-level data),,,,,
2015,No,RICOH Pro C7110S QX100,"Ricoh Co., Ltd.",Japan,Technology Hardware & Equipment,Not used for 2015 reporting,"Computer, IT & telecom",600.0,Estimated from external data based on product description,8080.0,13.47,Not reported,(not reported by company),N/a,N/a (no %change reported),N/a (product with insufficient stage-level data),,,,,
2013,No,SBS Board,Sappi,South Africa,Materials,Paper & Forest Products,Construction & commercial materials,1000.0,As per company's submission to CDP,968.0,0.97,Not reported,-13.50%,one inportant factor was the better utilisation rate of the equipment.,Product carbon efficiency changed,N/a (product with insufficient stage-level data),,,,,
2014,Yes,AlgroDesign,Sappi,South Africa,Materials,Paper & Forest Products,Construction & commercial materials,1000.0,As per company's submission to CDP,1031.6,1.03,Not reported,6.50%,Increase mainly due to the increase of the emissions factor for the purchased power (increased 59%),Product carbon efficiency changed,No,0.3017,0.6983,0.0,,
2013,No,One side coated label paper,Sappi,South Africa,Materials,Paper & Forest Products,Construction & commercial materials,1000.0,As per company's submission to CDP,949.0,0.95,Not reported,-13.10%,N/a,No specific reason reported,N/a (product with insufficient stage-level data),,,,,
2014,Yes,Parade Prima,Sappi,South Africa,Materials,Paper & Forest Products,Construction & commercial materials,1000.0,As per company's submission to CDP,1042.8,1.04,Not reported,9.80%,Increase mainly due to the increase of the emissions factor for the purchased power (increased 59%),Product carbon efficiency changed,No,0.30920000000000003,0.6908,0.0,,
2013,No,Uncoated flexible packaging paper,Sappi,South Africa,Materials,Paper & Forest Products,Construction & commercial materials,1000.0,As per company's submission to CDP,1033.0,1.03,Not reported,-12.40%,N/a,No specific reason reported,N/a (product with insufficient stage-level data),,,,,
2014,Yes,"Leine Mühle, Leine Silk",Sappi,South Africa,Materials,Paper & Forest Products,Construction & commercial materials,1000.0,As per company's submission to CDP,1060.9,1.06,Not reported,2.60%,Increase mainly due to the increase of the emissions factor for the purchased power (increased 59%),Product carbon efficiency changed,No,0.321,0.679,0.0,,
2013,No,One side coated flexible packaging paper,Sappi,South Africa,Materials,Paper & Forest Products,Construction & commercial materials,1000.0,As per company's submission to CDP,973.0,0.97,Not reported,-13.70%,N/a,No specific reason reported,N/a (product with insufficient stage-level data),,,,,
2014,Yes,Algro Helix,Sappi,South Africa,Materials,Paper & Forest Products,Construction & commercial materials,1000.0,As per company's submission to CDP,1082.6,1.08,Not reported,6.80%,Increase mainly due to the increase of the emissions factor for the purchased power (increased 59%),Product carbon efficiency changed,No,0.3346,0.6654000000000001,0.0,,
2013,Yes,Acti9  Residual current circuit breaker  iID K. The main function of the iID K product range is to ensure protection of people against electric shocks. PEP of this product is available here: http://planet.schneider-electric.com/C12577A200268439/all/14AA652B755F340C852577F3006F06D0/$File/envpep100201en.pdf,Schneider Electric,France,Capital Goods,Electrical Equipment,Comm. equipm. & capital goods,0.21,Estimated from external data based on product description,19.1,90.95,ISO,(not reported by company),N/a,N/a (no %change reported),Yes,0.0668,0.0144,0.9188,0.0016,
2014,Yes,ACTI9 IID K 2P 40A 30MA AC-TYPE RESIDUAL CURRENT CIRCUIT BREAKER,Schneider Electric,France,Capital Goods,Electrical Equipment,Comm. equipm. & capital goods,0.21,Estimated from external data based on product description,19.1,90.95,ISO,(not reported by company),N/a,N/a (no %change reported),Yes,0.0668,0.0144,0.9188,0.0016,
2015,Yes,ACTI9 IID K 2P 40A 30MA AC-TYPE RESIDUAL CURRENT CIRCUIT BREAKER,Schneider Electric,France,Electrical Equipment and Machinery,Not used for 2015 reporting,Comm. equipm. & capital goods,0.21,Estimated from external data based on product description,19.1,90.95,ISO,(not reported by company),N/a,N/a (no %change reported),Yes,0.0668,0.0144,0.9188,0.0016,
2016,Yes,ACTI9 IID K 2P 40A 30MA AC-TYPE RESIDUAL CURRENT CIRCUIT BREAKER,Schneider Electric,France,Capital Goods,Electrical Equipment,Comm. equipm. & capital goods,0.21,Estimated from external data based on product description,61.23,291.57,ISO,(not reported by company),N/a,N/a (no %change reported),Yes,0.0192,0.0040999999999999995,0.9765999999999999,0.0008,0.002
2013,Yes,Corrugated box,Smurfit Kappa Group PLC,Ireland,Materials,Containers & Packaging,Packaging for consumer goods,1000.0,As per company's submission to CDP,746.0,0.75,FEFCO,-5.00%,update of database,Model and/or parameters changed (but not product),Yes,0.8701000000000001,0.12990000000000002,0.0,,
2014,Yes,Corrugated Box,Smurfit Kappa Group PLC,Ireland,Materials,Containers & Packaging,Packaging for consumer goods,1000.0,As per company's submission to CDP,746.0,0.75,PAS2050,(not reported by company),N/a,N/a (no %change reported),Yes,0.8701000000000001,0.12990000000000002,0.0,,
2015,Yes,Corrugated box,Smurfit Kappa Group PLC,Ireland,Containers & Packaging,Not used for 2015 reporting,Packaging for consumer goods,1000.0,As per company's submission to CDP,746.0,0.75,PAS2050,(not reported by company),N/a,N/a (no %change reported),Yes,0.8701000000000001,0.12990000000000002,0.0,,
2013,Yes,Board packaging,Smurfit Kappa Group PLC,Ireland,Materials,Containers & Packaging,Packaging for consumer goods,1000.0,As per company's submission to CDP,964.0,0.96,PAS2050,(not reported by company),N/a,N/a (no %change reported),Yes,0.8701000000000001,0.12990000000000002,0.0,,
2014,Yes,Solid Board,Smurfit Kappa Group PLC,Ireland,Materials,Containers & Packaging,Packaging for consumer goods,1000.0,As per company's submission to CDP,964.0,0.96,PAS2050,(not reported by company),N/a,N/a (no %change reported),Yes,0.8701000000000001,0.12990000000000002,0.0,,
2015,Yes,Solid Board,Smurfit Kappa Group PLC,Ireland,Containers & Packaging,Not used for 2015 reporting,Packaging for consumer goods,1000.0,As per company's submission to CDP,964.0,0.96,PAS2050,(not reported by company),N/a,N/a (no %change reported),Yes,0.8701000000000001,0.12990000000000002,0.0,,
2014,Yes,Sodium Carbonate,Solvay S.A.,Belgium,Materials,Chemicals,Chemicals,1.0,As per company's submission to CDP,1.32,1.32,GHGP,(not reported by company),N/a,N/a (no %change reported),No,0.0152,0.9848,0.0,,
2014,Yes,Sodium Bicarbonate,Solvay S.A.,Belgium,Materials,Chemicals,Chemicals,1.0,As per company's submission to CDP,1.1,1.1,GHGP,(not reported by company),N/a,N/a (no %change reported),No,0.0091,0.9909,0.0,,
2015,Yes,Sodium Bicarbonate,Solvay S.A.,Belgium,Chemicals,Not used for 2015 reporting,Chemicals,1.0,As per company's submission to CDP,1.01,1.01,GHGP,8.00%,GHG Protocol Product Accounting & Reporting Standard,Model and/or parameters changed (but not product),No,0.099,0.9009999999999999,0.0,,
2016,No,Sodium Bicarbonate,Solvay S.A.,Belgium,Materials,Chemicals,Chemicals,1.0,As per company's submission to CDP,1.01,1.01,ISO,(not reported by company),N/a,N/a (no %change reported),N/a (product with insufficient stage-level data),,,,,
2015,Yes,Dense Sodium Carbonate,Solvay S.A.,Belgium,Chemicals,Not used for 2015 reporting,Chemicals,1.0,As per company's submission to CDP,1.29,1.29,GHGP,2.00%,Recalculation has been done with Simapro V8.0 and Ecoinvent V2.2 and V3,Model and/or parameters changed (but not product),No,0.1085,0.8915000000000001,0.0,,
2016,No,Dense Sodium Carbonate,Solvay S.A.,Belgium,Materials,Chemicals,Chemicals,1.0,As per company's submission to CDP,1.29,1.29,ISO,(not reported by company),N/a,N/a (no %change reported),N/a (product with insufficient stage-level data),,,,,
2015,Yes,Light Sodium Carbonate,Solvay S.A.,Belgium,Chemicals,Not used for 2015 reporting,Chemicals,1.0,As per company's submission to CDP,1.19,1.19,GHGP,(not reported by company),N/a,N/a (no %change reported),No,0.1092,0.8908,0.0,,
2016,No,Light Sodium Carbonate,Solvay S.A.,Belgium,Materials,Chemicals,Chemicals,1.0,As per company's submission to CDP,1.19,1.19,ISO,(not reported by company),N/a,N/a (no %change reported),N/a (product with insufficient stage-level data),,,,,
2014,Yes,Staples Sustainable Earth 12A toner cartridge,"Staples, Inc.",USA,Retailing,Specialty Retail,"Home durables, textiles, & equipment",0.8172,Estimated from external data based on product description,2.526,3.09,ISO,(not reported by company),N/a,N/a (no previous data available),No,0.7184999999999999,0.0762,0.2053,0.1746,0.030699999999999998
2015,Yes,Staples Sustainable Earth 12A toner cartridge,"Staples, Inc.",USA,Retailing,Not used for 2015 reporting,"Home durables, textiles, & equipment",0.8172,Estimated from external data based on product description,2.526,3.09,ISO,(not reported by company),N/a,N/a (no previous data available),No,0.7184999999999999,0.0762,0.2053,0.1746,0.030699999999999998
2014,Yes,Staples Sustainable Earth 38A toner cartridge,"Staples, Inc.",USA,Retailing,Specialty Retail,"Home durables, textiles, & equipment",0.8172,Estimated from external data based on product description,8.38,10.25,ISO,(not reported by company),N/a,N/a (no previous data available),No,0.7845,0.0526,0.1629,0.14730000000000001,0.0155
2015,Yes,Staples Sustainable Earth 38A toner cartridge,"Staples, Inc.",USA,Retailing,Not used for 2015 reporting,"Home durables, textiles, & equipment",0.8172,Estimated from external data based on product description,8.38,10.25,ISO,(not reported by company),N/a,N/a (no previous data available),No,0.7845,0.0526,0.1629,0.14730000000000001,0.0155
2015,No,D21710 Type 5 Corded Power Drill,"Stanley Black & Decker, Inc.",USA,Electrical Equipment and Machinery,Not used for 2015 reporting,Comm. equipm. & capital goods,1.82,Estimated from external data based on product description,55.67,30.59,Not reported,(not reported by company),N/a,N/a (no %change reported),N/a (product with insufficient stage-level data),,,,,
2016,No,D21710 Type 5 Corded Power Drill,"Stanley Black & Decker, Inc.",USA,Capital Goods,Electrical Equipment,Comm. equipm. & capital goods,1.82,Estimated from external data based on product description,55.67,30.59,Not reported,(not reported by company),N/a,N/a (no %change reported),N/a (product with insufficient stage-level data),,,,,
2015,No,DC988 Type 11 Cordless Power Drill equipment with rechargeable NiCd batteries,"Stanley Black & Decker, Inc.",USA,Electrical Equipment and Machinery,Not used for 2015 reporting,Comm. equipm. & capital goods,2.7,Estimated from external data based on product description,88.13,32.64,Not reported,(not reported by company),N/a,N/a (no %change reported),N/a (product with insufficient stage-level data),,,,,
2016,No,Cordless Power Drill ,"Stanley Black & Decker, Inc.",USA,Capital Goods,Electrical Equipment,Comm. equipm. & capital goods,2.7,Estimated from external data based on product description,88.13,32.64,Not reported,(not reported by company),N/a,N/a (no %change reported),N/a (product with insufficient stage-level data),,,,,
2016,Yes,33-725 Tape measure family,"Stanley Black & Decker, Inc.",USA,Capital Goods,Electrical Equipment,Comm. equipm. & capital goods,0.5,Estimated from external data based on product description,2.15,4.3,Traci 2.1,(not reported by company),N/a,N/a (no %change reported),Yes,0.7818999999999999,0.1684,0.049699999999999994,0.0256,0.0242
2016,No,B-Free small cube (European supply chain),Steelcase,USA,Commercial & Professional Services,Commercial Services & Supplies,"Home durables, textiles, & equipment",13.05,Estimated from external data based on product description,23.0,1.76,ISO,(not reported by company),N/a,N/a (no %change reported),N/a (product with insufficient stage-level data),,,,,
2016,No,B-Free Table (European supply chain),Steelcase,USA,Commercial & Professional Services,Commercial Services & Supplies,"Home durables, textiles, & equipment",51.7,Estimated from external data based on product description,150.0,2.9,ISO,(not reported by company),N/a,N/a (no %change reported),N/a (product with insufficient stage-level data),,,,,
2013,No,Lets B task chair,Steelcase,USA,Commercial & Professional Services,Commercial Services & Supplies,"Home durables, textiles, & equipment",19.773,Estimated from external data based on product description,120.0,6.07,ILCD Handbook,(not reported by company),N/a,N/a (no previous data available),N/a (product with insufficient stage-level data),,,,,
2014,No,Lets B task chair,Steelcase,USA,Commercial & Professional Services,Commercial Services & Supplies,"Home durables, textiles, & equipment",19.773,Estimated from external data based on product description,120.0,6.07,ILCD Handbook,(not reported by company),N/a,N/a (no %change reported),N/a (product with insufficient stage-level data),,,,,
2016,No,Eastside (European supply chain),Steelcase,USA,Commercial & Professional Services,Commercial Services & Supplies,"Home durables, textiles, & equipment",6.165,Estimated from external data based on product description,29.0,4.7,ISO,(not reported by company),N/a,N/a (no %change reported),N/a (product with insufficient stage-level data),,,,,
2016,No,Flip Top Twin (European supply chain),Steelcase,USA,Commercial & Professional Services,Commercial Services & Supplies,"Home durables, textiles, & equipment",32.916,Estimated from external data based on product description,94.0,2.86,ISO,(not reported by company),N/a,N/a (no %change reported),N/a (product with insufficient stage-level data),,,,,
2016,No,FrameOne Bench (European supply chain),Steelcase,USA,Commercial & Professional Services,Commercial Services & Supplies,"Home durables, textiles, & equipment",154.804,Estimated from external data based on product description,380.0,2.45,ISO,(not reported by company),N/a,N/a (no %change reported),N/a (product with insufficient stage-level data),,,,,
2016,No,Fusion (European supply chain),Steelcase,USA,Commercial & Professional Services,Commercial Services & Supplies,"Home durables, textiles, & equipment",35.331,Estimated from external data based on product description,71.8,2.03,ISO,(not reported by company),N/a,N/a (no %change reported),N/a (product with insufficient stage-level data),,,,,
2016,No,Gesture (European supply chain),Steelcase,USA,Commercial & Professional Services,Commercial Services & Supplies,"Home durables, textiles, & equipment",35.38,Estimated from external data based on product description,170.0,4.8,ISO,(not reported by company),N/a,N/a (no %change reported),N/a (product with insufficient stage-level data),,,,,
2016,No,Gesture (North American supply chain),Steelcase,USA,Commercial & Professional Services,Commercial Services & Supplies,"Home durables, textiles, & equipment",35.38,Estimated from external data based on product description,180.0,5.09,ISO,(not reported by company),N/a,N/a (no %change reported),N/a (product with insufficient stage-level data),,,,,
2016,No,Implicit (European supply chain),Steelcase,USA,Commercial & Professional Services,Commercial Services & Supplies,"Home durables, textiles, & equipment",35.298,Estimated from external data based on product description,98.0,2.78,ISO,(not reported by company),N/a,N/a (no %change reported),N/a (product with insufficient stage-level data),,,,,
2016,No,Kalidro (European supply chain),Steelcase,USA,Commercial & Professional Services,Commercial Services & Supplies,"Home durables, textiles, & equipment",37.0,Estimated from external data based on product description,51.5,1.39,ISO,(not reported by company),N/a,N/a (no %change reported),N/a (product with insufficient stage-level data),,,,,
2013,No,"The Activa desks are highly ergonomic and offer different height adjustable versions in a single design. Its modular construction allows very easy assembly and reconfiguration.  The model chosen for analysis is the most frequently ordered one (reference W6412700) from the Activa Telescopic range. Standard features on this model include: - Top dimensions: 1600 mm x 800 mm - Melamine top, Snow WY - Steel leg and frame, Pearl Snow ZW - Telescopic height adjustment from 620 mm to 900 mm - Steel cable tray.",Steelcase,USA,Commercial & Professional Services,Commercial Services & Supplies,"Home durables, textiles, & equipment",44.706,Estimated from external data based on product description,160.0,3.58,ILCD Handbook,(not reported by company),N/a,N/a (no previous data available),N/a (product with insufficient stage-level data),,,,,
2014,No,Activa desk,Steelcase,USA,Commercial & Professional Services,Commercial Services & Supplies,"Home durables, textiles, & equipment",44.706,Estimated from external data based on product description,160.0,3.58,ILCD Handbook,(not reported by company),N/a,N/a (no %change reported),N/a (product with insufficient stage-level data),,,,,
2016,No,Leap (European supply chain),Steelcase,USA,Commercial & Professional Services,Commercial Services & Supplies,"Home durables, textiles, & equipment",26.183,Estimated from external data based on product description,87.8,3.35,ISO,(not reported by company),N/a,N/a (no %change reported),N/a (product with insufficient stage-level data),,,,,
2016,No,Let's B (European supply chain),Steelcase,USA,Commercial & Professional Services,Commercial Services & Supplies,"Home durables, textiles, & equipment",25.0,Estimated from external data based on product description,120.0,4.8,ISO,(not reported by company),N/a,N/a (no %change reported),N/a (product with insufficient stage-level data),,,,,
2016,No,Movida (European supply chain),Steelcase,USA,Commercial & Professional Services,Commercial Services & Supplies,"Home durables, textiles, & equipment",38.337,Estimated from external data based on product description,39.6,1.03,ISO,(not reported by company),N/a,N/a (no %change reported),N/a (product with insufficient stage-level data),,,,,
2016,No,New Think (European supply chain),Steelcase,USA,Commercial & Professional Services,Commercial Services & Supplies,"Home durables, textiles, & equipment",31.0,Estimated from external data based on product description,110.0,3.55,ISO,(not reported by company),N/a,N/a (no %change reported),N/a (product with insufficient stage-level data),,,,,
2016,No,Ology (European supply chain),Steelcase,USA,Commercial & Professional Services,Commercial Services & Supplies,"Home durables, textiles, & equipment",40.9,Estimated from external data based on product description,95.0,2.32,ISO,(not reported by company),N/a,N/a (no %change reported),N/a (product with insufficient stage-level data),,,,,
2016,No,Partito (European supply chain),Steelcase,USA,Commercial & Professional Services,Commercial Services & Supplies,"Home durables, textiles, & equipment",14.963,Estimated from external data based on product description,60.0,4.01,ISO,(not reported by company),N/a,N/a (no %change reported),N/a (product with insufficient stage-level data),,,,,
2016,No,Please (European supply chain),Steelcase,USA,Commercial & Professional Services,Commercial Services & Supplies,"Home durables, textiles, & equipment",23.623,Estimated from external data based on product description,90.9,3.85,ISO,(not reported by company),N/a,N/a (no %change reported),N/a (product with insufficient stage-level data),,,,,
2016,No,Qivi (European supply chain),Steelcase,USA,Commercial & Professional Services,Commercial Services & Supplies,"Home durables, textiles, & equipment",5.17,Estimated from external data based on product description,56.0,10.83,ISO,(not reported by company),N/a,N/a (no %change reported),N/a (product with insufficient stage-level data),,,,,
2016,No,Reply (European supply chain),Steelcase,USA,Commercial & Professional Services,Commercial Services & Supplies,"Home durables, textiles, & equipment",17.7,Estimated from external data based on product description,101.0,5.71,ISO,(not reported by company),N/a,N/a (no %change reported),N/a (product with insufficient stage-level data),,,,,
2013,No,"Share It is a modular storage system. It offers personal storage, team storage, meeting point solutions and lockers.  Share It can be also used as space dividers, structuring workspaces. - It is modular and offers endless planning possibilities. - The range enhances collaboration providing communication platforms. - It helps people concentrate thanks to acoustics absorbing surfaces. - It offers wide range of finishes for different workplace ambiances.",Steelcase,USA,Commercial & Professional Services,Commercial Services & Supplies,"Home durables, textiles, & equipment",52.221,Estimated from external data based on product description,110.8,2.12,ILCD Handbook,(not reported by company),N/a,N/a (no previous data available),N/a (product with insufficient stage-level data),,,,,
2014,No,Share It modular storage system,Steelcase,USA,Commercial & Professional Services,Commercial Services & Supplies,"Home durables, textiles, & equipment",52.221,Estimated from external data based on product description,110.8,2.12,ILCD Handbook,(not reported by company),N/a,N/a (no %change reported),N/a (product with insufficient stage-level data),,,,,
2016,No,Tenaro (European supply chain),Steelcase,USA,Commercial & Professional Services,Commercial Services & Supplies,"Home durables, textiles, & equipment",67.323,Estimated from external data based on product description,52.6,0.78,ISO,(not reported by company),N/a,N/a (no %change reported),N/a (product with insufficient stage-level data),,,,,
2016,No,TNT* (European supply chain),Steelcase,USA,Commercial & Professional Services,Commercial Services & Supplies,"Home durables, textiles, & equipment",47.334,Estimated from external data based on product description,49.7,1.05,ISO,(not reported by company),N/a,N/a (no %change reported),N/a (product with insufficient stage-level data),,,,,
2016,No,Universal Storage EU (European supply chain),Steelcase,USA,Commercial & Professional Services,Commercial Services & Supplies,"Home durables, textiles, & equipment",69.78,Estimated from external data based on product description,103.8,1.49,ISO,(not reported by company),N/a,N/a (no %change reported),N/a (product with insufficient stage-level data),,,,,
2016,No,Westside (European supply chain),Steelcase,USA,Commercial & Professional Services,Commercial Services & Supplies,"Home durables, textiles, & equipment",5.057,Estimated from external data based on product description,18.8,3.72,ISO,(not reported by company),N/a,N/a (no %change reported),N/a (product with insufficient stage-level data),,,,,
2013,No,The model chosen for analysis is the most popular model Think work chair.  It is a highly adjustable ergonomic chair equipped as follows: 1. Your PowerTM weight activated mechanism 2. Your ProfileTM seat and back flexors  3. Your PreferenceTM control  4. Adjustable seat depth 5. Adjustable seat height 6. Adjustable lumbar support 7. Adjustable armrests 8. Plastic base,Steelcase,USA,Commercial & Professional Services,Commercial Services & Supplies,"Home durables, textiles, & equipment",17.252,Estimated from external data based on product description,85.5,4.96,ILCD Handbook,(not reported by company),N/a,N/a (no previous data available),N/a (product with insufficient stage-level data),,,,,
2014,No,Think work chair,Steelcase,USA,Commercial & Professional Services,Commercial Services & Supplies,"Home durables, textiles, & equipment",17.252,Estimated from external data based on product description,85.5,4.96,ILCD Handbook,(not reported by company),N/a,N/a (no %change reported),N/a (product with insufficient stage-level data),,,,,
2016,No,32 Seconds (European supply chain),Steelcase,USA,Commercial & Professional Services,Commercial Services & Supplies,"Home durables, textiles, & equipment",21.77,Estimated from external data based on product description,100.2,4.6,ISO,(not reported by company),N/a,N/a (no %change reported),N/a (product with insufficient stage-level data),,,,,
2016,No,Activa (European supply chain),Steelcase,USA,Commercial & Professional Services,Commercial Services & Supplies,"Home durables, textiles, & equipment",44.706,Estimated from external data based on product description,160.0,3.58,ISO,(not reported by company),N/a,N/a (no %change reported),N/a (product with insufficient stage-level data),,,,,
2016,No,Amia (European supply chain),Steelcase,USA,Commercial & Professional Services,Commercial Services & Supplies,"Home durables, textiles, & equipment",13.01,Estimated from external data based on product description,111.2,8.55,ISO,(not reported by company),N/a,N/a (no %change reported),N/a (product with insufficient stage-level data),,,,,
2016,No,B-Free big cube (European supply chain),Steelcase,USA,Commercial & Professional Services,Commercial Services & Supplies,"Home durables, textiles, & equipment",34.8,Estimated from external data based on product description,110.0,3.16,ISO,(not reported by company),N/a,N/a (no %change reported),N/a (product with insufficient stage-level data),,,,,
2016,No,B-Free Desk (European supply chain),Steelcase,USA,Commercial & Professional Services,Commercial Services & Supplies,"Home durables, textiles, & equipment",42.1,Estimated from external data based on product description,100.0,2.38,ISO,(not reported by company),N/a,N/a (no %change reported),N/a (product with insufficient stage-level data),,,,,
2015,No,Fungicide,Syngenta AG,Switzerland,Chemicals,Not used for 2015 reporting,Chemicals,1.0,As per company's submission to CDP,2.8,2.8,PAS2050,(not reported by company),N/a,N/a (no previous data available),N/a (product with insufficient stage-level data),,,,,
2015,No,Herbicide,Syngenta AG,Switzerland,Chemicals,Not used for 2015 reporting,Chemicals,1.0,As per company's submission to CDP,3.72,3.72,PAS2050,(not reported by company),N/a,N/a (no previous data available),N/a (product with insufficient stage-level data),,,,,
2015,No,Insecticide,Syngenta AG,Switzerland,Chemicals,Not used for 2015 reporting,Chemicals,1.0,As per company's submission to CDP,4.82,4.82,PAS2050,(not reported by company),N/a,N/a (no previous data available),N/a (product with insufficient stage-level data),,,,,
2015,No,Seed treatment,Syngenta AG,Switzerland,Chemicals,Not used for 2015 reporting,Chemicals,1.0,As per company's submission to CDP,1.02,1.02,PAS2050,(not reported by company),N/a,N/a (no previous data available),N/a (product with insufficient stage-level data),,,,,
2013,No,Soda Ash for Unilever plc,Tata Chemicals,India,Materials,Chemicals,Chemicals,1000.0,As per company's submission to CDP,1282.0,1.28,GHGP,-0.08%,Effective supply chain and process energy management,Product carbon efficiency changed,N/a (product with insufficient stage-level data),,,,,
2014,No,Soda Ash,Tata Chemicals,India,Materials,Chemicals,Chemicals,1000.0,As per company's submission to CDP,1057.0,1.06,GHGP,5.43%,This product emission is only 3.58% of the total emission of all  the products of the Company.  Sales got decreased by 3.03% whereas absolute emission got increased by 2.24% than that of previous year which leads this increase in specific emission.  Whereas Tata Chemicals overall specific emission has decreased by 1.91% compare to previous year.,Product carbon efficiency changed,N/a (product with insufficient stage-level data),,,,,
2015,No,Soda Ash,Tata Chemicals,India,Chemicals,Not used for 2015 reporting,Chemicals,1000.0,As per company's submission to CDP,1006.0,1.01,ISO,-4.86%,Sales got increased by 5.46% whereas absolute emission got increased marginally by 0.33% than that of previous year which leads decrease in specific emission by 4.861%.,Product carbon efficiency changed,N/a (product with insufficient stage-level data),,,,,
2017,No,Soda Ash,Tata Chemicals,India,Materials,Chemicals,Chemicals,1000.0,Estimated from external data based on product description,870.0,0.87,ISO,-17.38%,"Sales got increased by 3.10% from previous year whereas absolute emission got decreased by 14.81% which leads overall decrease in specific emission.Emission reduction happens due to activities such as bulker transportation, emphasis on rail transport, reduction in packaging material, improved plant operational efficiency etc",Product carbon efficiency changed,N/a (product with insufficient stage-level data),,,,,
2013,No,"Soda Ash for Wal-Mart Stores, Inc.",Tata Chemicals,India,Materials,Chemicals,Chemicals,1000.0,As per company's submission to CDP,701.0,0.7,GHGP,(not reported by company),N/a,N/a (no previous data available),N/a (product with insufficient stage-level data),,,,,
2014,No,Soda Ash from Tata Chemicals Europe,Tata Chemicals,India,Materials,Chemicals,Chemicals,1000.0,As per company's submission to CDP,840.0,0.84,Not reported,(not reported by company),N/a,N/a (no %change reported),N/a (product with insufficient stage-level data),,,,,
2015,No,Soda Ash (Tata Chemicals Europe),Tata Chemicals,India,Chemicals,Not used for 2015 reporting,Chemicals,1000.0,As per company's submission to CDP,764.0,0.76,Not reported,(not reported by company),N/a,N/a (no %change reported),N/a (product with insufficient stage-level data),,,,,
2015,No,Soda Ash (Tata Chemicals Magadi),Tata Chemicals,India,Chemicals,Not used for 2015 reporting,Chemicals,1000.0,As per company's submission to CDP,504.0,0.5,Not reported,(not reported by company),N/a,N/a (no %change reported),N/a (product with insufficient stage-level data),,,,,
2015,No,Soda Ash (Tata Chemicals North America),Tata Chemicals,India,Chemicals,Not used for 2015 reporting,Chemicals,1000.0,As per company's submission to CDP,701.0,0.7,Not reported,(not reported by company),N/a,N/a (no %change reported),N/a (product with insufficient stage-level data),,,,,
2015,No,"Soda Ash (Tata Chemicals Mithapur, India)",Tata Chemicals,India,Chemicals,Not used for 2015 reporting,Chemicals,1000.0,As per company's submission to CDP,1083.0,1.08,Not reported,(not reported by company),N/a,N/a (no %change reported),N/a (product with insufficient stage-level data),,,,,
2014,Yes,Hot Rolled Steel,Tata Steel,India,Materials,Metals & Mining,Construction & commercial materials,1000.0,As per company's submission to CDP,2425.0,2.43,Not reported,(not reported by company),N/a,N/a (no previous data available),Yes,0.2535,0.706,0.0405,0.0405,
2015,Yes,Hot Rolled Steel (HR),Tata Steel,India,"Mining - Iron, Aluminum, Other Metals",Not used for 2015 reporting,Construction & commercial materials,1000.0,As per company's submission to CDP,2615.0,2.62,Not reported,8.00%,Though manufacturing emission reduced by 0.4%; procurement of raw materials from overseas during interruption of mining operations has led to 7% increase. Additionally adoption of GHG tool V2.6 for assessment of transportation emission has increased emission by 1.5%.,Model/parameters AND product carbon efficiency changed,Yes,0.2336,0.6505,0.1159,0.1159,
2014,Yes,Cold Rolled Steel,Tata Steel,India,Materials,Metals & Mining,Construction & commercial materials,1000.0,As per company's submission to CDP,2549.0,2.55,Not reported,(not reported by company),N/a,N/a (no previous data available),Yes,0.2535,0.706,0.0405,0.0405,
2015,Yes,Cold Rolled Steel (CR),Tata Steel,India,"Mining - Iron, Aluminum, Other Metals",Not used for 2015 reporting,Construction & commercial materials,1000.0,As per company's submission to CDP,2746.0,2.75,Not reported,8.00%,Though manufacturing emission reduced by 0.5%; procurement of raw materials from overseas during interruption of mining operations has led to 7% increase. Additionally adoption of GHG tool V2.6 for assessment of transportation emission has increased emission by 1.5%.,Model/parameters AND product carbon efficiency changed,Yes,0.2335,0.6504000000000001,0.1161,0.1161,
2014,Yes,Galvanised Steel,Tata Steel,India,Materials,Metals & Mining,Construction & commercial materials,1000.0,As per company's submission to CDP,2611.0,2.61,Not reported,(not reported by company),N/a,N/a (no previous data available),Yes,0.2535,0.7059000000000001,0.0406,0.0406,
2015,Yes,Galvanized Steel (Galv),Tata Steel,India,"Mining - Iron, Aluminum, Other Metals",Not used for 2015 reporting,Construction & commercial materials,1000.0,As per company's submission to CDP,2820.0,2.82,Not reported,8.00%,Though manufacturing emission reduced by 0.3%; procurement of raw materials from overseas during interruption of mining operations has led to 7% increase. Additionally adoption of GHG tool V2.6 for assessment of transportation emission has increased emission by 1.5%.,Model/parameters AND product carbon efficiency changed,Yes,0.2336,0.6506000000000001,0.1158,0.1158,
2013,Yes,Tetra Brik® Aseptic Slim 200ml,TETRA PAK,Sweden,Materials,Containers & Packaging,Packaging for consumer goods,0.009,Estimated from external data based on product description,0.017,1.89,ISO,(not reported by company),N/a,N/a (no %change reported),No,0.8824,0.1176,0.0,,
2014,Yes,Tetra Brik® Aseptic Slim 200ml,TETRA PAK,Sweden,Materials,Containers & Packaging,Packaging for consumer goods,0.009,Estimated from external data based on product description,0.017,1.89,ISO,(not reported by company),N/a,N/a (no %change reported),No,0.8824,0.1176,0.0,,
2015,Yes,Tetra Brik® Aseptic Slim 200ml,TETRA PAK,Sweden,Containers & Packaging,Not used for 2015 reporting,Packaging for consumer goods,0.009,Estimated from external data based on product description,0.017,1.89,ISO,(not reported by company),N/a,N/a (no %change reported),No,0.8824,0.1176,0.0,,
2016,Yes,Tetra Brik® Aseptic Slim 200ml,TETRA PAK,Sweden,Materials,Containers & Packaging,Packaging for consumer goods,0.009,Estimated from external data based on product description,0.016,1.78,ISO,(not reported by company),N/a,N/a (no %change reported),No,0.8125,0.1875,0.0,,
2013,Yes,Tetra Brik® Aseptic Slim 250ml,TETRA PAK,Sweden,Materials,Containers & Packaging,Packaging for consumer goods,0.01,Estimated from external data based on product description,0.018,1.8,ISO,(not reported by company),N/a,N/a (no %change reported),No,0.8889,0.11109999999999999,0.0,,
2014,Yes,Tetra Brik® Aseptic Slim 250ml,TETRA PAK,Sweden,Materials,Containers & Packaging,Packaging for consumer goods,0.01,Estimated from external data based on product description,0.018,1.8,ISO,(not reported by company),N/a,N/a (no %change reported),No,0.8889,0.11109999999999999,0.0,,
2015,Yes,Tetra Brik® Aseptic Slim 250ml,TETRA PAK,Sweden,Containers & Packaging,Not used for 2015 reporting,Packaging for consumer goods,0.01,Estimated from external data based on product description,0.018,1.8,ISO,(not reported by company),N/a,N/a (no %change reported),No,0.8889,0.11109999999999999,0.0,,
2016,Yes,Tetra Brik® Aseptic Slim 250ml,TETRA PAK,Sweden,Materials,Containers & Packaging,Packaging for consumer goods,0.01,Estimated from external data based on product description,0.018,1.8,ISO,(not reported by company),N/a,N/a (no %change reported),No,0.8332999999999999,0.16670000000000001,0.0,,
2013,Yes,Tetra Brik® Aseptic Base 250ml,TETRA PAK,Sweden,Materials,Containers & Packaging,Packaging for consumer goods,0.01,Estimated from external data based on product description,0.018,1.8,ISO,(not reported by company),N/a,N/a (no %change reported),No,0.8889,0.11109999999999999,0.0,,
2014,Yes,Tetra Brik® Aseptic Base 250ml,TETRA PAK,Sweden,Materials,Containers & Packaging,Packaging for consumer goods,0.01,Estimated from external data based on product description,0.018,1.8,ISO,(not reported by company),N/a,N/a (no %change reported),No,0.8889,0.11109999999999999,0.0,,
2015,Yes,Tetra Brik® Aseptic Base 250ml,TETRA PAK,Sweden,Containers & Packaging,Not used for 2015 reporting,Packaging for consumer goods,0.01,Estimated from external data based on product description,0.018,1.8,ISO,(not reported by company),N/a,N/a (no %change reported),No,0.8889,0.11109999999999999,0.0,,
2016,Yes,Tetra Brik® Aseptic Base 250ml,TETRA PAK,Sweden,Materials,Containers & Packaging,Packaging for consumer goods,0.01,Estimated from external data based on product description,0.017,1.7,ISO,-5.60%,"The results here from our carton CO2 calculator show the CO2 footprint of the carton under European conditions up to the moment when the packaging material leaves our factories. The calculated results are not exact; they are indicative and based on a number of simplifications. The results should not be used to support comparative assertions made to the public nor directly for labelling. In this updated version, made available June 2017, updates have been made to emission factors and material specifications. Product carbon footprints of Tetra Pak packages including these product examples presented here can also be found on our website via product carbon calculator of Tetra Pak cartons: http://www.tetrapak.com/sustainability/managing-our-impact/climate-impact/carton-co2e-footprint#carton-co2-calculator",Model and/or parameters changed (but not product),No,0.8234999999999999,0.1765,0.0,,
2013,Yes,Tetra Brik® Aseptic Base 1000ml,TETRA PAK,Sweden,Materials,Containers & Packaging,Packaging for consumer goods,0.028,Estimated from external data based on product description,0.046,1.64,ISO,(not reported by company),N/a,N/a (no %change reported),No,0.8695999999999999,0.1304,0.0,,
2014,Yes,Tetra Brik® Aseptic Base 1000ml,TETRA PAK,Sweden,Materials,Containers & Packaging,Packaging for consumer goods,0.028,Estimated from external data based on product description,0.046,1.64,ISO,(not reported by company),N/a,N/a (no %change reported),No,0.8695999999999999,0.1304,0.0,,
2015,Yes,Tetra Brik® Aseptic Base 1000ml,TETRA PAK,Sweden,Containers & Packaging,Not used for 2015 reporting,Packaging for consumer goods,0.028,Estimated from external data based on product description,0.046,1.64,ISO,(not reported by company),N/a,N/a (no %change reported),No,0.8695999999999999,0.1304,0.0,,
2016,Yes,Tetra Brik® Aseptic Base 1000ml,TETRA PAK,Sweden,Materials,Containers & Packaging,Packaging for consumer goods,0.028,Estimated from external data based on product description,0.042,1.5,ISO,(not reported by company),N/a,N/a (no %change reported),No,0.8332999999999999,0.16670000000000001,0.0,,
2013,Yes,"Bloomberg's standard-issue flat panel configuration (prior to 2010) was two 19"" panels mounted on a metal stand. In early 2010 Bloomberg engaged in the WRI Product Life Cycle Roadtest for this functional unit (cradle-to-grave). The functional unit has a lifespan of 5 years, so the emissions indicated [in this report] are the full emissions associated with that lifespan.",Bloomberg,USA,Media,Media,"Computer, IT & telecom",14.6,Estimated from external data based on product description,9438.0,646.44,GHGP,(not reported by company),N/a,N/a (no %change reported),No,0.6462,0.005699999999999999,0.3481,0.0008,0.0
2014,Yes,Bloomberg-Provided Flat Panel Unit,Bloomberg,USA,Media,Media,"Computer, IT & telecom",14.6,Estimated from external data based on product description,9438.0,646.44,GHGP,(not reported by company),N/a,N/a (no %change reported),No,0.6462,0.005699999999999999,0.3481,0.0008,0.0
2015,Yes,Bloomberg-Provided Flat Panel Unit,Bloomberg,USA,Media,Not used for 2015 reporting,"Computer, IT & telecom",14.6,Estimated from external data based on product description,1766.0,120.96,GHGP,-81.00%,"The 2011 flat panel LCA was performed on a non-Energy Star 19"" flat panel.  Since then, Bloomberg moved to an Energy Star 19"" panel, and then for 2014 to an even more efficient 23"" panel, meaning that most of the reduction comes from the ""Customer Usage"" phase of the life cycle.  Additionally, the ""Raw Material"" phase reduced emissions due to lighter LCD screens and cables, and a change in process has almost eliminated emissions from the ""Assembly"" phase.",Product carbon efficiency changed,No,0.1953,0.0102,0.7946,0.010700000000000001,
2016,Yes,Bloomberg-Provided Flat Panel Unit,Bloomberg,USA,Media,Media,"Computer, IT & telecom",14.6,Estimated from external data based on product description,1766.0,120.96,GHGP,(not reported by company),N/a,N/a (no %change reported),No,0.1953,0.0102,0.7946,0.010700000000000001,
2013,Yes,"Bloomberg's standard keyboard which is optional hardware available for lease to all Bloomberg Terminal customers.  The functional unit has a lifespan of 3 years, so the emissions indicated [in this report] are the full emissions associated with that lifespan.",Bloomberg,USA,Media,Media,"Computer, IT & telecom",1.08,Estimated from external data based on product description,93.68,86.74,GHGP,(not reported by company),N/a,N/a (no %change reported),No,0.3396,0.1112,0.5492,0.0132,0.0116
2014,Yes,Bloomberg-Provided Keyboard,Bloomberg,USA,Media,Media,"Computer, IT & telecom",1.08,Estimated from external data based on product description,93.68,86.74,GHGP,(not reported by company),N/a,N/a (no %change reported),No,0.3396,0.1112,0.5492,0.0132,0.0116
2015,Yes,Bloomberg-Provided Keyboard,Bloomberg,USA,Media,Not used for 2015 reporting,"Computer, IT & telecom",1.08,Estimated from external data based on product description,40.0,37.04,GHGP,-57.00%,"Changes made to the keyboard since the 2011 LCA that have reduced emissions include: - Utilizing less, and less environmentally-impactful,  raw materials, lowering emissions in the ""Raw Material"", ""Assembly"" and ""Refurbishment"" segments. - Lower energy draw, reducing energy consumption at customer sites.",Product carbon efficiency changed,No,0.5643,0.0431,0.3926,0.0326,0.0361
2016,Yes,Bloomberg-Provided Keyboard,Bloomberg,USA,Media,Media,"Computer, IT & telecom",1.08,Estimated from external data based on product description,40.0,37.04,GHGP,(not reported by company),N/a,N/a (no %change reported),No,0.5643,0.0431,0.3926,0.0326,0.0361
2013,Yes,"Bloomberg's biometric device (B-Unit) distributed to all Bloomberg Terminal customers.  The functional unit has a lifespan of 3 years, so the emissions indicated [in this report] are the full emissions associated with that lifespan.",Bloomberg,USA,Media,Media,"Computer, IT & telecom",0.029,Estimated from external data based on product description,2.18,75.17,GHGP,(not reported by company),N/a,N/a (no %change reported),No,0.8432999999999999,0.0691,0.0876,0.0138,0.0415
2014,Yes,Bloomberg B-Unit,Bloomberg,USA,Media,Media,"Computer, IT & telecom",0.029,Estimated from external data based on product description,2.18,75.17,GHGP,(not reported by company),N/a,N/a (no %change reported),No,0.8432999999999999,0.0691,0.0876,0.0138,0.0415
2015,Yes,Bloomberg B-Unit,Bloomberg,USA,Media,Not used for 2015 reporting,"Computer, IT & telecom",0.029,Estimated from external data based on product description,2.0,68.97,GHGP,-9.00%,"Changes made to the B-Unit since the 2011 LCA that have affected emissions include: - Utilizing less, and less environmentally-impactful,  raw materials, lowering emissions in the ""Raw Material"" and ""Assembly"" phases. - The ""Refurbishment"" segment now requires no component replacement, lowering emissions. - Created new packaging for the B-Unit that included a small plastic component, which increased emissions in ""Packaging"" and ""Distribution"". - Eliminated emissions from the ""Customer Use"" Phase.",Product carbon efficiency changed,No,0.7839,0.1558,0.0603,0.050300000000000004,0.0101
2016,Yes,Bloomberg B-Unit,Bloomberg,USA,Media,Media,"Computer, IT & telecom",0.029,Estimated from external data based on product description,2.0,68.97,GHGP,(not reported by company),N/a,N/a (no %change reported),No,0.7839,0.1558,0.0603,0.050300000000000004,0.0101
2013,Yes,"TG582n Home Gateway to provide multiple play telecom data services (data, voice, TV) in the home.",Technicolor SA,France,Media,Media,"Computer, IT & telecom",0.599,Estimated from external data based on product description,111.0,185.31,ISO,(not reported by company),N/a,N/a (no previous data available),Yes,0.04190000000000001,0.016,0.9420999999999999,0.0097,0.003
2014,Yes,Home Gateway TG582n,Technicolor SA,France,Media,Media,"Computer, IT & telecom",0.599,Estimated from external data based on product description,111.0,185.31,ISO,(not reported by company),N/a,N/a (no %change reported),Yes,0.04190000000000001,0.016,0.9420999999999999,0.0097,0.003
2015,Yes,Home Gateway TG582n,Technicolor SA,France,Media,Not used for 2015 reporting,"Computer, IT & telecom",0.599,Estimated from external data based on product description,111.0,185.31,ISO,(not reported by company),N/a,N/a (no %change reported),Yes,0.04190000000000001,0.016,0.9420999999999999,0.0097,0.003
2017,Yes,GL film packages,"Toppan Printing Co., Ltd.",Japan,Commercial & Professional Services,Commercial Services & Supplies,"Home durables, textiles, & equipment",13.44,Estimated from external data based on product description,377.6,28.1,Japan CFP,-38.50%,"Emission factor change by used material change, and reduction in used raw materials. There are various roll sizes, so the size of roll is assumed width of 800mm and length of 1000m.",Product carbon efficiency changed,No,0.7015,0.27649999999999997,0.022000000000000002,0.022000000000000002,
2017,Yes,MR-PET film package,"Toppan Printing Co., Ltd.",Japan,Commercial & Professional Services,Commercial Services & Supplies,"Home durables, textiles, & equipment",13.44,Estimated from external data based on product description,363.0,27.01,Japan CFP,-3.90%,"Emission factor change by used material change. There are various roll sizes, so the size of roll is assumed width of 800mm and length of 1000m.",Product carbon efficiency changed,No,0.6894,0.3106,0.0,,
2016,Yes,"Agricultural tires, BlueTire Yechnology",Trelleborg AB,Sweden,Capital Goods,Electrical Equipment,Comm. equipm. & capital goods,370.69,As per company's submission to CDP,1408.62,3.8,ISO,(not reported by company),N/a,N/a (no %change reported),No,0.6392,0.3299,0.030899999999999997,0.030899999999999997,
2013,Yes,Polyethylene pipe,Radius Systems,United Kingdom,Capital Goods,Building Products,Comm. equipm. & capital goods,1.0,As per company's submission to CDP,2.52,2.52,Not reported,(not reported by company),N/a,N/a (no %change reported),No,0.9139,0.0794,0.0067,0.009899999999999999,
2013,Yes,VW Polo V 1.6 TDI BlueMotion Technology,Volkswagen AG,Germany,Automobiles & Components,Automobiles,Automobiles & components,993.0,Estimated from external data based on product description,21725.0,21.88,ISO,(not reported by company),N/a,N/a (no %change reported),Yes,0.1863,0.0575,0.7562000000000001,,0.0053
2014,No,VW Polo,Volkswagen AG,Germany,Automobiles & Components,Automobiles,Automobiles & components,993.0,Estimated from external data based on product description,21725.0,21.88,Not reported,(not reported by company),N/a,N/a (no %change reported),N/a (product with insufficient stage-level data),,,,,
2015,No,Volkswagen Polo,Volkswagen AG,Germany,Automobiles & Components,Not used for 2015 reporting,Automobiles & components,993.0,Estimated from external data based on product description,21725.0,21.88,ISO,(not reported by company),N/a,N/a (no %change reported),N/a (product with insufficient stage-level data),,,,,
2016,No,Volkswagen Polo,Volkswagen AG,Germany,Automobiles & Components,Auto Components,Automobiles & components,993.0,Estimated from external data based on product description,21725.0,21.88,ISO,(not reported by company),N/a,N/a (no %change reported),N/a (product with insufficient stage-level data),,,,,
2013,Yes,VW Golf VII 1.6 TDI BlueMotion Technology,Volkswagen AG,Germany,Automobiles & Components,Automobiles,Automobiles & components,1358.056,Estimated from external data based on product description,22218.0,16.36,ISO,(not reported by company),N/a,N/a (no %change reported),Yes,0.19519999999999998,0.0602,0.7445999999999999,,0.0052
2014,No,VW Golf,Volkswagen AG,Germany,Automobiles & Components,Automobiles,Automobiles & components,1394.343,Estimated from external data based on product description,22218.0,15.93,ISO,(not reported by company),N/a,N/a (no %change reported),N/a (product with insufficient stage-level data),,,,,
2015,No,Volkswagen Golf,Volkswagen AG,Germany,Automobiles & Components,Not used for 2015 reporting,Automobiles & components,1394.343,Estimated from external data based on product description,22218.0,15.93,ISO,(not reported by company),N/a,N/a (no %change reported),N/a (product with insufficient stage-level data),,,,,
2016,No,Volkswagen Golf,Volkswagen AG,Germany,Automobiles & Components,Auto Components,Automobiles & components,1358.056,Estimated from external data based on product description,22218.0,16.36,ISO,(not reported by company),N/a,N/a (no %change reported),N/a (product with insufficient stage-level data),,,,,
2013,Yes,Passat B7 2.0 TDI BlueMotion Technology,Volkswagen AG,Germany,Automobiles & Components,Automobiles,Automobiles & components,1539.039,Estimated from external data based on product description,28011.0,18.2,ISO,(not reported by company),N/a,N/a (no %change reported),Yes,0.2054,0.0633,0.7312000000000001,,0.0037
2014,No,VW Passat,Volkswagen AG,Germany,Automobiles & Components,Automobiles,Automobiles & components,1539.039,Estimated from external data based on product description,28011.0,18.2,ISO,(not reported by company),N/a,N/a (no %change reported),N/a (product with insufficient stage-level data),,,,,
2015,No,Volkswagen Passat,Volkswagen AG,Germany,Automobiles & Components,Not used for 2015 reporting,Automobiles & components,1539.039,Estimated from external data based on product description,28011.0,18.2,ISO,(not reported by company),N/a,N/a (no %change reported),N/a (product with insufficient stage-level data),,,,,
2016,No,Volkswagen Passat,Volkswagen AG,Germany,Automobiles & Components,Auto Components,Automobiles & components,1539.039,Estimated from external data based on product description,28011.0,18.2,ISO,(not reported by company),N/a,N/a (no %change reported),N/a (product with insufficient stage-level data),,,,,
2013,Yes,Audi A3 2.0 TDI,Volkswagen AG,Germany,Automobiles & Components,Automobiles,Automobiles & components,1460.114,Estimated from external data based on product description,30647.0,20.99,ISO,(not reported by company),N/a,N/a (no %change reported),Yes,0.1568,0.0484,0.7948000000000001,,0.0043
2014,No,Mean value for a vehicle within the Volkswagen Group according to CDP Report 2013 (global scope),Volkswagen AG,Germany,Automobiles & Components,Automobiles,Automobiles & components,1539.039,Estimated from external data based on product description,34694.0,22.54,Not reported,(not reported by company),N/a,N/a (no %change reported),N/a (product with insufficient stage-level data),,,,,
2015,No,Mean value for a vehicle within the Volkswagen Group according to CDP Report 2014 (global scope),Volkswagen AG,Germany,Automobiles & Components,Not used for 2015 reporting,Automobiles & components,1539.039,Estimated from external data based on product description,33683.0,21.89,Not reported,(not reported by company),N/a,N/a (no %change reported),N/a (product with insufficient stage-level data),,,,,
2014,No,VW up!,Volkswagen AG,Germany,Automobiles & Components,Automobiles,Automobiles & components,929.8644,Estimated from external data based on product description,21488.0,23.11,ISO,(not reported by company),N/a,N/a (no %change reported),N/a (product with insufficient stage-level data),,,,,
2015,No,Volkswagen up!,Volkswagen AG,Germany,Automobiles & Components,Not used for 2015 reporting,Automobiles & components,929.8644,Estimated from external data based on product description,21488.0,23.11,ISO,(not reported by company),N/a,N/a (no %change reported),N/a (product with insufficient stage-level data),,,,,
2016,No,Volkswagen up!,Volkswagen AG,Germany,Automobiles & Components,Auto Components,Automobiles & components,929.8644,Estimated from external data based on product description,21488.0,23.11,ISO,(not reported by company),N/a,N/a (no %change reported),N/a (product with insufficient stage-level data),,,,,
2014,No,Audi A6,Volkswagen AG,Germany,Automobiles & Components,Automobiles,Automobiles & components,1895.109,Estimated from external data based on product description,37094.0,19.57,ISO,(not reported by company),N/a,N/a (no %change reported),N/a (product with insufficient stage-level data),,,,,
2015,No,Audi A6,Volkswagen AG,Germany,Automobiles & Components,Not used for 2015 reporting,Automobiles & components,1895.109,Estimated from external data based on product description,37094.0,19.57,ISO,(not reported by company),N/a,N/a (no %change reported),N/a (product with insufficient stage-level data),,,,,
2016,No,Audi A6,Volkswagen AG,Germany,Automobiles & Components,Auto Components,Automobiles & components,1895.109,Estimated from external data based on product description,37094.0,19.57,ISO,(not reported by company),N/a,N/a (no %change reported),N/a (product with insufficient stage-level data),,,,,
2014,No,VW Caddy,Volkswagen AG,Germany,Automobiles & Components,Automobiles,Automobiles & components,1128.0,Estimated from external data based on product description,28608.0,25.36,ISO,(not reported by company),N/a,N/a (no %change reported),N/a (product with insufficient stage-level data),,,,,
2015,No,Volkswagen Caddy,Volkswagen AG,Germany,Automobiles & Components,Not used for 2015 reporting,Automobiles & components,1128.0,Estimated from external data based on product description,28608.0,25.36,ISO,(not reported by company),N/a,N/a (no %change reported),N/a (product with insufficient stage-level data),,,,,
2016,No,Volkswagen Caddy,Volkswagen AG,Germany,Automobiles & Components,Auto Components,Automobiles & components,1128.0,Estimated from external data based on product description,28608.0,25.36,ISO,(not reported by company),N/a,N/a (no %change reported),N/a (product with insufficient stage-level data),,,,,
2016,No,Volkswagen e-up,Volkswagen AG,Germany,Automobiles & Components,Auto Components,Automobiles & components,1185.0,Estimated from external data based on product description,7550.0,6.37,ISO,(not reported by company),N/a,N/a (no %change reported),N/a (product with insufficient stage-level data),,,,,
2013,Yes,Alliance HPLC (High Peformance Liquid Chromatography)  The Alliance is an HPLC that is unique in that it has a single set of electronic boards that control the functions for both the solvent delivery system and the autosampler in the liquid chromatograph.,Waters Corporation,USA,"Pharmaceuticals, Biotechnology & Life Sciences",Life Sciences Tools & Services,Comm. equipm. & capital goods,59.0,Estimated from external data based on product description,15196.6,257.57,GHGP,(not reported by company),N/a,N/a (no previous data available),Yes,0.029500000000000002,0.0064,0.9641,0.0581,0.6371
2014,Yes,Alliance (HPLC),Waters Corporation,USA,"Pharmaceuticals, Biotechnology & Life Sciences",Life Sciences Tools & Services,Comm. equipm. & capital goods,59.0,Estimated from external data based on product description,40215.0,681.61,GHGP,(not reported by company),N/a,N/a (no previous data available),Yes,0.0141,0.003,0.9828,0.0278,0.16649999999999998
2013,Yes,"ACQUITY® UPLC, ACQUITY® I-Class, ACQUITY® H-Class",Waters Corporation,USA,"Pharmaceuticals, Biotechnology & Life Sciences",Life Sciences Tools & Services,Comm. equipm. & capital goods,25.9,Estimated from external data based on product description,17074.4,659.24,GHGP,(not reported by company),N/a,N/a (no previous data available),Yes,0.0407,0.0088,0.9505,0.058600000000000006,0.6517000000000001
2013,Yes,Electric Motor,Weg S/A,Brazil,Capital Goods,Machinery,Comm. equipm. & capital goods,90.0,Estimated from external data based on product description,53057.5,589.53,ISO,57.00%,"This change from previous figure supplied is due to the increase in the emission factor (from 0.1056 ton CO2e / MWh  in 2011 to 0,3593 ton CO2e / MWh in 2012). If we consider the same 2011 emission factor for 2012, the change would be a reduction of  46% in the total emissions (-46%).    Internal actions for energy efficiency and maintenance actions in energy management  in the factory where ISO 50001 was implemented were extremely important in order to achieve the energy reduction. In addition there was an increase in sales of Electric Motor with highest efficiency class, contributing to this fact.",Model/parameters AND product carbon efficiency changed,Yes,0.0001,0.0,0.9998999999999999,,
2014,Yes,Electric Motor,Weg S/A,Brazil,Capital Goods,Machinery,Comm. equipm. & capital goods,90.0,Estimated from external data based on product description,87589.36467,973.22,GHGP,(not reported by company),N/a,N/a (no %change reported),Yes,0.0002,0.0,0.9998,,
2015,Yes,Electric Motor,Weg S/A,Brazil,Electrical Equipment and Machinery,Not used for 2015 reporting,Comm. equipm. & capital goods,90.0,Estimated from external data based on product description,20007.62,222.31,GHGP,-77.00%,"WEG develops and supplies many products and services that have a direct impact upon our clients scope 2 GHG emissions and help them in their emission reduction efforts. In the 90s, ten years before the making of laws for energy efficiency in the country, the company already offered high performance motors to the national market for. The solution efficient motors + frequency inverters (also manufactured by WEG) today allows larger efficiency levels to customers than those proposed by the current legislation. These products and services include, for example:",Product carbon efficiency changed,Yes,0.001,0.0002,0.9987999999999999,,
2013,Yes,Phaser 6600,Xerox Corporation,USA,Technology Hardware & Equipment,Office Electronics,"Computer, IT & telecom",25.5,Estimated from external data based on product description,584.0,22.9,ISO,(not reported by company),N/a,N/a (no %change reported),No,0.036000000000000004,0.6729,0.29109999999999997,,0.0223
2014,Yes,Phaser 6600,Xerox Corporation,USA,Technology Hardware & Equipment,Office Electronics,"Computer, IT & telecom",25.5,Estimated from external data based on product description,584.0,22.9,ISO,(not reported by company),N/a,N/a (no %change reported),No,0.036000000000000004,0.6729,0.29109999999999997,,0.0223
2015,Yes,Phaser 6600,Xerox Corporation,USA,Software & Services,Not used for 2015 reporting,"Computer, IT & telecom",25.5,Estimated from external data based on product description,584.0,22.9,ISO,(not reported by company),N/a,N/a (no %change reported),No,0.036000000000000004,0.6729,0.29109999999999997,,0.0223
2016,Yes,Phaser 6600,Xerox Corporation,USA,Software & Services,Software,"Computer, IT & telecom",25.5,Estimated from external data based on product description,584.0,22.9,ISO,(not reported by company),N/a,N/a (no %change reported),No,0.036000000000000004,0.6729,0.29109999999999997,,0.0223
2013,Yes,ColorQube 8900,Xerox Corporation,USA,Technology Hardware & Equipment,Office Electronics,"Computer, IT & telecom",46.308,Estimated from external data based on product description,2445.0,52.8,ISO,(not reported by company),N/a,N/a (no %change reported),No,0.016,0.2772,0.7069,0.1358,0.0
2014,Yes,ColorQube 8900,Xerox Corporation,USA,Technology Hardware & Equipment,Office Electronics,"Computer, IT & telecom",46.308,Estimated from external data based on product description,2445.0,52.8,ISO,(not reported by company),N/a,N/a (no %change reported),No,0.016,0.2772,0.7069,0.1358,
2015,Yes,ColorQube 8900,Xerox Corporation,USA,Software & Services,Not used for 2015 reporting,"Computer, IT & telecom",46.308,Estimated from external data based on product description,2445.0,52.8,ISO,(not reported by company),N/a,N/a (no %change reported),No,0.016,0.2772,0.7069,0.1358,
2016,Yes,ColorQube 8900,Xerox Corporation,USA,Software & Services,Software,"Computer, IT & telecom",46.308,Estimated from external data based on product description,2445.0,52.8,ISO,(not reported by company),N/a,N/a (no %change reported),No,0.016,0.2772,0.7069,0.1358,
2013,Yes,ColorQube 9200,Xerox Corporation,USA,Technology Hardware & Equipment,Office Electronics,"Computer, IT & telecom",368.8,Estimated from external data based on product description,7090.0,19.22,ISO,(not reported by company),N/a,N/a (no %change reported),No,0.0126,0.32439999999999997,0.6629,0.08259999999999999,
2014,Yes,ColorQube 9200,Xerox Corporation,USA,Technology Hardware & Equipment,Office Electronics,"Computer, IT & telecom",368.8,Estimated from external data based on product description,7090.0,19.22,ISO,(not reported by company),N/a,N/a (no %change reported),No,0.0127,0.3257,0.6616,0.08070000000000001,
2015,Yes,ColorQube 9200,Xerox Corporation,USA,Software & Services,Not used for 2015 reporting,"Computer, IT & telecom",368.8,Estimated from external data based on product description,7090.0,19.22,ISO,(not reported by company),N/a,N/a (no %change reported),No,0.0127,0.3257,0.6616,0.08070000000000001,
2016,Yes,ColorQube 9200,Xerox Corporation,USA,Software & Services,Software,"Computer, IT & telecom",368.8,Estimated from external data based on product description,7090.0,19.22,ISO,(not reported by company),N/a,N/a (no %change reported),No,0.0127,0.3257,0.6616,0.08070000000000001,
2013,No,ColorQube 8870,Xerox Corporation,USA,Technology Hardware & Equipment,Office Electronics,"Computer, IT & telecom",34.0194,Estimated from external data based on product description,2110.0,62.02,ISO,(not reported by company),N/a,N/a (no %change reported),N/a (product with insufficient stage-level data),,,,,
2014,Yes,ColorQube 8870,Xerox Corporation,USA,Technology Hardware & Equipment,Office Electronics,"Computer, IT & telecom",34.0194,Estimated from external data based on product description,2011.0,59.11,ISO,-4.70%,ISO 14040 & 14044,Model and/or parameters changed (but not product),No,0.0388,0.091,0.8702,0.0154,
2015,Yes,ColorQube 8870,Xerox Corporation,USA,Software & Services,Not used for 2015 reporting,"Computer, IT & telecom",34.0194,Estimated from external data based on product description,2011.0,59.11,ISO,(not reported by company),N/a,N/a (no %change reported),No,0.0388,0.091,0.8702,0.0154,
2016,Yes,ColorQube 8870,Xerox Corporation,USA,Software & Services,Software,"Computer, IT & telecom",34.0194,Estimated from external data based on product description,2011.0,59.11,ISO,(not reported by company),N/a,N/a (no %change reported),No,0.0388,0.091,0.8702,0.0154,
2014,Yes,Phaser 7100,Xerox Corporation,USA,Technology Hardware & Equipment,Office Electronics,"Computer, IT & telecom",44.0,Estimated from external data based on product description,2000.0,45.45,ISO,(not reported by company),N/a,N/a (no %change reported),No,0.1331,0.0212,0.8456999999999999,0.0227,0.0345
2015,Yes,Phaser 7100,Xerox Corporation,USA,Software & Services,Not used for 2015 reporting,"Computer, IT & telecom",44.0,Estimated from external data based on product description,2000.0,45.45,ISO,(not reported by company),N/a,N/a (no %change reported),No,0.1331,0.0212,0.8456999999999999,0.0227,0.0345
2016,Yes,Phaser 7100,Xerox Corporation,USA,Software & Services,Software,"Computer, IT & telecom",44.0,Estimated from external data based on product description,2000.0,45.45,ISO,(not reported by company),N/a,N/a (no %change reported),No,0.1331,0.0212,0.8456999999999999,0.0227,0.0345
2015,Yes,WorkCentre 5945/5955,Xerox Corporation,USA,Software & Services,Not used for 2015 reporting,"Computer, IT & telecom",158.5,Estimated from external data based on product description,4216.0,26.6,ISO,(not reported by company),N/a,N/a (no %change reported),No,0.6426999999999999,0.0,0.35729999999999995,0.0175,0.0006
2016,Yes,WorkCentre 5945/5955,Xerox Corporation,USA,Software & Services,Software,"Computer, IT & telecom",158.5,Estimated from external data based on product description,4216.0,26.6,ISO,(not reported by company),N/a,N/a (no %change reported),No,0.6429,0.0,0.35710000000000003,0.0173,0.0006
2015,Yes,WorkCentre 5325,Xerox Corporation,USA,Software & Services,Not used for 2015 reporting,"Computer, IT & telecom",137.2,Estimated from external data based on product description,1300.0,9.48,ISO,(not reported by company),N/a,N/a (no %change reported),No,0.4758,0.026099999999999998,0.49810000000000004,0.0384,0.076
2016,Yes,WorkCentre 5325,Xerox Corporation,USA,Software & Services,Software,"Computer, IT & telecom",137.2,Estimated from external data based on product description,1300.0,9.48,ISO,(not reported by company),N/a,N/a (no %change reported),No,0.4758,0.026099999999999998,0.49810000000000004,0.0384,0.076
2015,Yes,WorkCentre 5330,Xerox Corporation,USA,Software & Services,Not used for 2015 reporting,"Computer, IT & telecom",137.2,Estimated from external data based on product description,1500.0,10.93,ISO,(not reported by company),N/a,N/a (no %change reported),No,0.4153,0.022799999999999997,0.562,0.0335,0.0663
2016,Yes,WorkCentre 5330,Xerox Corporation,USA,Software & Services,Software,"Computer, IT & telecom",137.2,Estimated from external data based on product description,1500.0,10.93,ISO,(not reported by company),N/a,N/a (no %change reported),No,0.4153,0.022799999999999997,0.562,0.0335,0.0663
2015,Yes,WorkCentre 5335,Xerox Corporation,USA,Software & Services,Not used for 2015 reporting,"Computer, IT & telecom",137.2,Estimated from external data based on product description,1700.0,12.39,ISO,(not reported by company),N/a,N/a (no %change reported),No,0.3751,0.0206,0.6043999999999999,0.0302,0.0599
2016,Yes,WorkCentre 5335,Xerox Corporation,USA,Software & Services,Software,"Computer, IT & telecom",137.2,Estimated from external data based on product description,1700.0,12.39,ISO,(not reported by company),N/a,N/a (no %change reported),No,0.3751,0.0206,0.6043999999999999,0.0302,0.0599
2015,Yes,Pressure transmitter (?????) GTX,Azbil Corporation,Japan,Technology Hardware & Equipment,Not used for 2015 reporting,"Computer, IT & telecom",3.6,Estimated from external data based on product description,42.2,11.72,ISO,(not reported by company),N/a,N/a (no %change reported),No,0.5423,0.2036,0.2541,0.0005,0.0002
2015,Yes,Photoelectric sensor (??????),Azbil Corporation,Japan,Technology Hardware & Equipment,Not used for 2015 reporting,"Computer, IT & telecom",0.11,Estimated from external data based on product description,13.8,125.45,ISO,(not reported by company),N/a,N/a (no %change reported),No,0.017,0.0013,0.9817,0.0001,0.0
2015,Yes,Neosensor indoor temperature sensor (????? ????????),Azbil Corporation,Japan,Technology Hardware & Equipment,Not used for 2015 reporting,"Computer, IT & telecom",0.11,Estimated from external data based on product description,2.5,22.73,ISO,(not reported by company),N/a,N/a (no %change reported),No,0.96,0.027999999999999997,0.012,,
2015,Yes,Temperature sensor for duct (?????????),Azbil Corporation,Japan,Technology Hardware & Equipment,Not used for 2015 reporting,"Computer, IT & telecom",0.24,Estimated from external data based on product description,8.3,34.58,ISO,(not reported by company),N/a,N/a (no %change reported),No,0.9981,0.0,0.0019,0.0013,0.0002
2014,Yes,1 fuel-efficient tire for passenger cars (??????????),"Yokohama Rubber Company, Limited",Japan,Automobiles & Components,Auto Components,Automobiles & components,8.7,Estimated from external data based on product description,256.5,29.48,Not reported,(not reported by company),N/a,N/a (no previous data available),No,0.09359999999999999,0.0273,0.8791,0.0058,0.051500000000000004
2015,Yes,1 fuel-efficient tire for passenger cars (??????????),"Yokohama Rubber Company, Limited",Japan,Tires,Not used for 2015 reporting,Automobiles & components,8.7,Estimated from external data based on product description,287.68,33.07,Not reported,-14.00%,N/a,No specific reason reported,No,0.1377,0.04,0.8223999999999999,0.0034000000000000002,0.0862
2014,No,1 fuel-efficient truck and buss tire???????????????????,"Yokohama Rubber Company, Limited",Japan,Automobiles & Components,Auto Components,Automobiles & components,160.0,Estimated from external data based on product description,1881.0,11.76,Not reported,(not reported by company),N/a,N/a (no previous data available),N/a (product with insufficient stage-level data),,,,,
2015,No,1 fuel-efficient truck and buss tire???????????????????,"Yokohama Rubber Company, Limited",Japan,Tires,Not used for 2015 reporting,Automobiles & components,160.0,Estimated from external data based on product description,1734.0,10.84,Not reported,-7.80%,N/a,No specific reason reported,N/a (product with insufficient stage-level data),,,,,
2015,No,CHEP wooden exchange (pooled) pallet in USA 48x40,Brambles,Australia,Trading Companies & Distributors and Commercial Services & Supplies,Not used for 2015 reporting,Comm. equipm. & capital goods,31.8,Estimated from external data based on product description,40.79,1.28,ISO,(not reported by company),N/a,N/a (no %change reported),N/a (product with insufficient stage-level data),,,,,
2015,No,CHEP wooden exchange (pooled) pallet in Canada 48x40,Brambles,Australia,Trading Companies & Distributors and Commercial Services & Supplies,Not used for 2015 reporting,Comm. equipm. & capital goods,31.8,Estimated from external data based on product description,35.16,1.11,ISO,(not reported by company),N/a,N/a (no %change reported),N/a (product with insufficient stage-level data),,,,,
2015,No,Foldable reusable plastic crates (RPCs) in Australia,Brambles,Australia,Trading Companies & Distributors and Commercial Services & Supplies,Not used for 2015 reporting,Comm. equipm. & capital goods,2.5,Estimated from external data based on product description,20.04,8.02,ISO,(not reported by company),N/a,N/a (no %change reported),N/a (product with insufficient stage-level data),,,,,
2015,No,CHEP wooden exchange (pooled) pallet in Canada 48x20,Brambles,Australia,Trading Companies & Distributors and Commercial Services & Supplies,Not used for 2015 reporting,Comm. equipm. & capital goods,15.9,Estimated from external data based on product description,18.76,1.18,ISO,(not reported by company),N/a,N/a (no %change reported),N/a (product with insufficient stage-level data),,,,,
2015,No,IFCO reusable plastic crates (RPCs) in North America,Brambles,Australia,Trading Companies & Distributors and Commercial Services & Supplies,Not used for 2015 reporting,Comm. equipm. & capital goods,2.4062,Estimated from external data based on product description,89.567,37.22,ISO,(not reported by company),N/a,N/a (no %change reported),N/a (product with insufficient stage-level data),,,,,
2015,No,Rigid side reusable plastic crates (RPCs) in Australia,Brambles,Australia,Trading Companies & Distributors and Commercial Services & Supplies,Not used for 2015 reporting,Comm. equipm. & capital goods,2.4062,Estimated from external data based on product description,34.15,14.19,ISO,(not reported by company),N/a,N/a (no %change reported),N/a (product with insufficient stage-level data),,,,,
2013,Yes,"The Polyethylene (PE), molecular formula (CH2)n, is currently the world's main plastic material. Its properties depend on the shape of the polyethylene  given that the ones of low density are more flexible while the high density polyethylenes are more rigid. This material is produced from the polymerization of the monomer ethylene. Despite the differences between the types of polyethylene produced by Braskem, this assessment was targeted at finding an average value of emissions for all of the resins produced. The figure provide in column ""Total emissions in kg CO2e per unit"" has the dimension of tCO2e/ ton product.",Braskem S/A,Brazil,Materials,Chemicals,Chemicals,1.0,As per company's submission to CDP,1.32,1.32,PAS2050,(not reported by company),N/a,N/a (no previous data available),No,0.8240000000000001,0.17600000000000002,0.0,0.0046,
2014,No,Polyethylene,Braskem S/A,Brazil,Materials,Chemicals,Chemicals,1.0,As per company's submission to CDP,1.32,1.32,PAS2050,(not reported by company),N/a,N/a (no %change reported),N/a (product with insufficient stage-level data),,,,,
2015,No,Polyethylene,Braskem S/A,Brazil,Chemicals,Not used for 2015 reporting,Chemicals,1.0,As per company's submission to CDP,1.32,1.32,PAS2050,(not reported by company),N/a,N/a (no %change reported),N/a (product with insufficient stage-level data),,,,,
2016,No,Polyethylene,Braskem S/A,Brazil,Materials,Chemicals,Chemicals,1000.0,As per company's submission to CDP,1320.0,1.32,PAS2050,(not reported by company),N/a,N/a (no %change reported),N/a (product with insufficient stage-level data),,,,,
2013,Yes,"Polypropylene (PP) or Polypropene, which has the molecular formula of (CH (CH3) - CH2)n is a resin produced from the polymerization of monomer Propene, its main feedstock. It may also be produced from a mixture of two types of monomers (ethylene and propylene), producing the PP Copolymer. This is the carbon footprint for the Polypropylene produced in Brazil. The figure provide in column ""Total emissions in kg CO2e per unit"" has the dimension of tCO2e/ ton product.",Braskem S/A,Brazil,Materials,Chemicals,Chemicals,1.0,As per company's submission to CDP,1.33,1.33,PAS2050,(not reported by company),N/a,N/a (no previous data available),No,0.8169,0.18309999999999998,0.0,0.0001,
2014,No,Polypropylene,Braskem S/A,Brazil,Materials,Chemicals,Chemicals,1.0,As per company's submission to CDP,1.33,1.33,PAS2050,(not reported by company),N/a,N/a (no %change reported),N/a (product with insufficient stage-level data),,,,,
2015,No,Polypropylene,Braskem S/A,Brazil,Chemicals,Not used for 2015 reporting,Chemicals,1.0,As per company's submission to CDP,1.33,1.33,PAS2050,(not reported by company),N/a,N/a (no %change reported),N/a (product with insufficient stage-level data),,,,,
2016,No,Polypropylene,Braskem S/A,Brazil,Materials,Chemicals,Chemicals,1000.0,As per company's submission to CDP,1330.0,1.33,PAS2050,(not reported by company),N/a,N/a (no %change reported),N/a (product with insufficient stage-level data),,,,,
2013,Yes,"The Polyvinyl Chloride (PVC; -(CH2-CHCl)n-) is the oldest plastic material. This material is produced from the polymerization of the monomer MVC. Braskem has a chlorine production unit, base material, which shall be used for the production of DCE (1,2-dichloroethane) from the mixture of chloride and ethylene. Afterwards, the DCE reacts to form MVC, the monomer for the polymerization process. The figure provide in column ""Total emissions in kg CO2e per unit"" has the dimension of tCO2e/ ton product.",Braskem S/A,Brazil,Materials,Chemicals,Chemicals,1.0,As per company's submission to CDP,1.77,1.77,PAS2050,(not reported by company),N/a,N/a (no previous data available),No,0.4407,0.1356,0.42369999999999997,0.42369999999999997,
2014,No,Polyvinyl Chloride,Braskem S/A,Brazil,Materials,Chemicals,Chemicals,1.0,As per company's submission to CDP,1.77,1.77,PAS2050,(not reported by company),N/a,N/a (no %change reported),N/a (product with insufficient stage-level data),,,,,
2015,No,Polyvinyl Chloride,Braskem S/A,Brazil,Chemicals,Not used for 2015 reporting,Chemicals,1.0,As per company's submission to CDP,1.77,1.77,Not reported,(not reported by company),N/a,N/a (no %change reported),N/a (product with insufficient stage-level data),,,,,
2016,No,Polyvinyl Chloride,Braskem S/A,Brazil,Materials,Chemicals,Chemicals,1000.0,As per company's submission to CDP,1770.0,1.77,PAS2050,(not reported by company),N/a,N/a (no %change reported),N/a (product with insufficient stage-level data),,,,,
2013,No,"Acer 15.6"" Notebook",Wistron Corp,Taiwan,Technology Hardware & Equipment,Computers & Peripherals,"Computer, IT & telecom",2.35868,Estimated from external data based on product description,8.8,3.73,PAS2050,(not reported by company),N/a,N/a (no %change reported),N/a (product with insufficient stage-level data),,,,,
2015,No,LCD PC,Quanta Computer,Taiwan,Technology Hardware & Equipment,Not used for 2015 reporting,"Computer, IT & telecom",1000.0,As per company's submission to CDP,1600.0,1.6,GHGP,-15.80%,Our company has implemented a series of energy-saving emission reduction measures and Product type is changed at 2014.,Product carbon efficiency changed,N/a (product with insufficient stage-level data),,,,,
2015,No,PND,Quanta Computer,Taiwan,Technology Hardware & Equipment,Not used for 2015 reporting,"Computer, IT & telecom",1000.0,As per company's submission to CDP,10202.0,10.2,GHGP,30.00%,"The customer product weight becomes small, the process has not changed and GHG emission has not changed, resulting in the increase of the unit product emissions.",Product carbon efficiency changed,N/a (product with insufficient stage-level data),,,,,
2015,No,Note book,Quanta Computer,Taiwan,Technology Hardware & Equipment,Not used for 2015 reporting,"Computer, IT & telecom",1000.0,As per company's submission to CDP,1330.0,1.33,GHGP,-21.00%,Our company has implemented a series of energy-saving emission reduction measures and Product type is changed at 2014.,Product carbon efficiency changed,N/a (product with insufficient stage-level data),,,,,
2015,No,Auto,Quanta Computer,Taiwan,Technology Hardware & Equipment,Not used for 2015 reporting,"Computer, IT & telecom",1000.0,As per company's submission to CDP,10202.0,10.2,GHGP,30.00%,"The customer product weight becomes small, the process has not changed and GHG emission has not changed, resulting in the increase of the unit product emissions.",Product carbon efficiency changed,N/a (product with insufficient stage-level data),,,,,
2015,No,Watch,Quanta Computer,Taiwan,Technology Hardware & Equipment,Not used for 2015 reporting,"Computer, IT & telecom",1000.0,As per company's submission to CDP,10202.0,10.2,GHGP,30.00%,"The customer product weight becomes small, the process has not changed and GHG emission has not changed, resulting in the increase of the unit product emissions.",Product carbon efficiency changed,N/a (product with insufficient stage-level data),,,,,
2015,No,Camera,Quanta Computer,Taiwan,Technology Hardware & Equipment,Not used for 2015 reporting,"Computer, IT & telecom",1000.0,As per company's submission to CDP,10202.0,10.2,GHGP,30.00%,"The customer product weight becomes small, the process has not changed and GHG emission has not changed, resulting in the increase of the unit product emissions.",Product carbon efficiency changed,N/a (product with insufficient stage-level data),,,,,
2016,No,Camera,Quanta Computer,Taiwan,Technology Hardware & Equipment,"Electronic Equipment, Instruments & Components","Computer, IT & telecom",0.25,Estimated from external data based on product description,5.3,21.2,GHGP,(not reported by company),N/a,N/a (no previous data available),N/a (product with insufficient stage-level data),,,,,
2016,No,AIO,Quanta Computer,Taiwan,Technology Hardware & Equipment,"Electronic Equipment, Instruments & Components","Computer, IT & telecom",8.05,Estimated from external data based on product description,5.4,0.67,GHGP,(not reported by company),N/a,N/a (no previous data available),N/a (product with insufficient stage-level data),,,,,
2016,No,AIO,Quanta Computer,Taiwan,Technology Hardware & Equipment,"Electronic Equipment, Instruments & Components","Computer, IT & telecom",8.05,Estimated from external data based on product description,5.3,0.66,GHGP,23.26%,"The condition of air conditioning, lighting and other equipment has not changed, but the output has decreased, resulting in an increase in the CO2e emission of unit products",Product carbon efficiency changed,N/a (product with insufficient stage-level data),,,,,
2016,No,Notebook,Quanta Computer,Taiwan,Technology Hardware & Equipment,"Electronic Equipment, Instruments & Components","Computer, IT & telecom",2.95,Estimated from external data based on product description,5.4,1.83,GHGP,-3.40%,Our company has implemented a series of energy-saving emission reduction measures and Product type is changed at 2016.,Product carbon efficiency changed,N/a (product with insufficient stage-level data),,,,,
2016,No,Server,Quanta Computer,Taiwan,Technology Hardware & Equipment,"Electronic Equipment, Instruments & Components","Computer, IT & telecom",19.97,Estimated from external data based on product description,2.4,0.12,GHGP,-80.20%,Our company has implemented a series of energy-saving emission reduction measures and Product type is changed at 2016. And the production of Microsoft server increased in 2016.,Product carbon efficiency changed,N/a (product with insufficient stage-level data),,,,,
2016,No,Tablet,Quanta Computer,Taiwan,Technology Hardware & Equipment,"Electronic Equipment, Instruments & Components","Computer, IT & telecom",0.35,Estimated from external data based on product description,5.3,15.14,GHGP,23.26%,"The condition of air conditioning, lighting and other equipment has not changed, but the output has decreased, resulting in an increase in the CO2e emission of unit products",Product carbon efficiency changed,N/a (product with insufficient stage-level data),,,,,
2015,No,Servers,Quanta Computer,Taiwan,Technology Hardware & Equipment,Not used for 2015 reporting,"Computer, IT & telecom",1000.0,As per company's submission to CDP,3248.0,3.25,GHGP,-26.00%,Our company has implemented a series of energy-saving emission reduction measures at 2014,Product carbon efficiency changed,N/a (product with insufficient stage-level data),,,,,
2016,No,VR,Quanta Computer,Taiwan,Technology Hardware & Equipment,"Electronic Equipment, Instruments & Components","Computer, IT & telecom",0.35,Estimated from external data based on product description,3.6,10.29,GHGP,(not reported by company),N/a,N/a (no previous data available),N/a (product with insufficient stage-level data),,,,,
2015,No,DT,Quanta Computer,Taiwan,Technology Hardware & Equipment,Not used for 2015 reporting,"Computer, IT & telecom",1000.0,As per company's submission to CDP,1600.0,1.6,GHGP,-15.80%,Our company has implemented a series of energy-saving emission reduction measures and Product type is changed at 2014.,Product carbon efficiency changed,N/a (product with insufficient stage-level data),,,,,
2015,No,Phone,Quanta Computer,Taiwan,Technology Hardware & Equipment,Not used for 2015 reporting,"Computer, IT & telecom",1000.0,As per company's submission to CDP,1600.0,1.6,GHGP,-15.80%,Our company has implemented a series of energy-saving emission reduction measures and Product type is changed at 2014.,Product carbon efficiency changed,N/a (product with insufficient stage-level data),,,,,
2015,No,Pad,Quanta Computer,Taiwan,Technology Hardware & Equipment,Not used for 2015 reporting,"Computer, IT & telecom",1000.0,As per company's submission to CDP,1600.0,1.6,GHGP,-15.80%,Our company has implemented a series of energy-saving emission reduction measures and Product type is changed at 2014.,Product carbon efficiency changed,N/a (product with insufficient stage-level data),,,,,
2015,No,CHROMEBOX,Quanta Computer,Taiwan,Technology Hardware & Equipment,Not used for 2015 reporting,"Computer, IT & telecom",1000.0,As per company's submission to CDP,1600.0,1.6,GHGP,-15.80%,Our company has implemented a series of energy-saving emission reduction measures and Product type is changed at 2014.,Product carbon efficiency changed,N/a (product with insufficient stage-level data),,,,,
2015,No,Lamp,Quanta Computer,Taiwan,Technology Hardware & Equipment,Not used for 2015 reporting,"Computer, IT & telecom",1000.0,As per company's submission to CDP,1600.0,1.6,GHGP,-15.80%,Our company has implemented a series of energy-saving emission reduction measures and Product type is changed at 2014.,Product carbon efficiency changed,N/a (product with insufficient stage-level data),,,,,
2015,No,POS,Quanta Computer,Taiwan,Technology Hardware & Equipment,Not used for 2015 reporting,"Computer, IT & telecom",1000.0,As per company's submission to CDP,1600.0,1.6,GHGP,-15.80%,Our company has implemented a series of energy-saving emission reduction measures and Product type is changed at 2014.,Product carbon efficiency changed,N/a (product with insufficient stage-level data),,,,,
2015,No,Speaker,Quanta Computer,Taiwan,Technology Hardware & Equipment,Not used for 2015 reporting,"Computer, IT & telecom",1000.0,As per company's submission to CDP,1600.0,1.6,GHGP,-15.80%,Our company has implemented a series of energy-saving emission reduction measures and Product type is changed at 2014.,Product carbon efficiency changed,N/a (product with insufficient stage-level data),,,,,
2016,Yes,Tire including low fuel consumption tire; e.g. ECOPIA series,Bridgestone Corporation,Japan,Automobiles & Components,Auto Components,Automobiles & components,9.07185,Estimated from external data based on product description,118.0,13.01,JRM Assoc.,(not reported by company),N/a,N/a (no %change reported),No,0.0919,0.0388,0.8693000000000001,0.0028000000000000004,0.1368
2014,Yes,Air Purifier,Coway Co Ltd,South Korea,Consumer Durables & Apparel,Household Durables,"Home durables, textiles, & equipment",7.2,Estimated from external data based on product description,126.0,17.5,Korea CL Guide,(not reported by company),N/a,N/a (no previous data available),No,0.2658,0.0079,0.7263,,0.0546
2013,No,Folding boxboard produced at the Maule and Valdivia mills.,Empresas CMPC,Chile,Materials,Paper & Forest Products,Construction & commercial materials,1000.0,As per company's submission to CDP,549.2,0.55,GHGP,(not reported by company),N/a,N/a (no %change reported),N/a (product with insufficient stage-level data),,,,,
2014,Yes,Folding boxboard,Empresas CMPC,Chile,Materials,Paper & Forest Products,Construction & commercial materials,1000.0,As per company's submission to CDP,554.94,0.55,GHGP,1.05%,"Emission factor of the purchased electricity increased from 0.379 tonnes CO2e per MWh in 2012 to 0.432 tonnes CO2e per MWh in 2013, according to official data of the Ministry of Energy of Chile. This increase impacted the Scope 2, which was 0.4678 ton CO2e per saleable ton of boxboard in 2013 and 0.4498 in 2012.",Product carbon efficiency changed,Yes,0.2642,0.7358,0.0,,
2015,Yes,Folding boxboard,Empresas CMPC,Chile,"Forest and Paper Products - Forestry, Timber, Pulp and Paper, Rubber",Not used for 2015 reporting,Construction & commercial materials,1000.0,As per company's submission to CDP,451.46,0.45,GHGP,-18.65%,"Emission factor of the purchased electricity decreased from 0.432 tonnes CO2e per MWh in 2013 to 0.360 tonnes CO2e per MWh in 2014, according to official data of the Ministry of Energy of Chile. This decrease impacted the Scope 2, which was 0.3736 ton CO2e per saleable ton of boxboard in 2014 and 0.4678 in 2013.",Product carbon efficiency changed,Yes,0.2642,0.7358,0.0,,
2015,Yes,Tako CX Lite,Metsä Board,Finland,"Forest and Paper Products - Forestry, Timber, Pulp and Paper, Rubber",Not used for 2015 reporting,Construction & commercial materials,1000.0,As per company's submission to CDP,918.0,0.92,Not reported,-1.00%,Slight change due to mainly using more bio based materials in energy production instead of fossil fuels.,Product carbon efficiency changed,No,0.11,0.8355,0.0545,0.0545,
2015,Yes,Tako CX Lite S,Metsä Board,Finland,"Forest and Paper Products - Forestry, Timber, Pulp and Paper, Rubber",Not used for 2015 reporting,Construction & commercial materials,1000.0,As per company's submission to CDP,918.0,0.92,Not reported,-1.00%,Slight change due to mainly using more bio based materials in energy production instead of fossil fuels.,Product carbon efficiency changed,No,0.11,0.8355,0.0545,0.0545,
2013,Yes,"Simcote is a fully coated folding boxboard with a washed groundwood middle layer, based on 100 % fresh forest fibres. Typical end-uses are food and general packaging.",Metsä Board,Finland,Materials,Paper & Forest Products,Construction & commercial materials,1000.0,As per company's submission to CDP,597.0,0.6,Not reported,-12.00%,Increase of production at the mill.  Metsä Fibre pulp mill (produces Simcote's chemical pulp) use bark-based bioenergy. Pulp mill is a carbon dioxide-neutral facility under normal operations.,Product carbon efficiency changed,No,0.2127,0.7119,0.0754,0.0754,
2015,Yes,Simcote,Metsä Board,Finland,"Forest and Paper Products - Forestry, Timber, Pulp and Paper, Rubber",Not used for 2015 reporting,Construction & commercial materials,1000.0,As per company's submission to CDP,782.0,0.78,Not reported,-2.00%,Slight change due to mainly using more bio based materials in energy production instead of fossil fuels.,Product carbon efficiency changed,No,0.1573,0.7801,0.06269999999999999,0.06269999999999999,
2015,Yes,Tako CX Lite S2,Metsä Board,Finland,"Forest and Paper Products - Forestry, Timber, Pulp and Paper, Rubber",Not used for 2015 reporting,Construction & commercial materials,1000.0,As per company's submission to CDP,918.0,0.92,Not reported,(not reported by company),N/a,N/a (no previous data available),No,0.11,0.8355,0.0545,0.0545,
2015,Yes,Tako CX Lite OBA,Metsä Board,Finland,"Forest and Paper Products - Forestry, Timber, Pulp and Paper, Rubber",Not used for 2015 reporting,Construction & commercial materials,1000.0,As per company's submission to CDP,918.0,0.92,Not reported,-1.00%,Slight change due to mainly using more bio based materials in energy production instead of fossil fuels.,Product carbon efficiency changed,No,0.11,0.8355,0.0545,0.0545,
2015,Yes,Tako CX White S,Metsä Board,Finland,"Forest and Paper Products - Forestry, Timber, Pulp and Paper, Rubber",Not used for 2015 reporting,Construction & commercial materials,1000.0,As per company's submission to CDP,900.0,0.9,Not reported,-3.00%,Slight change due to mainly using more bio based materials in energy production instead of fossil fuels.,Product carbon efficiency changed,No,0.11220000000000001,0.8321999999999999,0.0556,0.0556,
2016,No,Metsä Board Classic FBB (Simcote),Metsä Board,Finland,Materials,Paper & Forest Products,Construction & commercial materials,1000.0,As per company's submission to CDP,807.0,0.81,Paper Profile,3.00%,Small deviation depending of the fuel mix used.,Product carbon efficiency changed,N/a (product with insufficient stage-level data),,,,,
2016,Yes,Metsä Board Classic FBB CX (Tako Lite CX)),Metsä Board,Finland,Materials,Paper & Forest Products,Construction & commercial materials,1000.0,As per company's submission to CDP,767.0,0.77,Paper Profile,-15.00%,Increased production volume and improved operating efficiency.,Product carbon efficiency changed,No,0.2503,0.7497,0.0,,
2016,Yes,Metsä Board Natural FSB Cup - new product,Metsä Board,Finland,Materials,Paper & Forest Products,Construction & commercial materials,1000.0,As per company's submission to CDP,369.0,0.37,Paper Profile,(not reported by company),N/a,N/a (no previous data available),No,0.4851,0.5149,0.0,,
2016,Yes,Metsä Board Prime FBB (Carta Elega),Metsä Board,Finland,Materials,Paper & Forest Products,Construction & commercial materials,1000.0,As per company's submission to CDP,804.0,0.8,Paper Profile,2.00%,At Metsä Board Kyro mill one paper machine was closed in 2016. This may have caused small changes in the powerplant operation,Product carbon efficiency changed,No,0.22870000000000001,0.7713,0.0,,
2016,Yes,Metsä Board Prime FBB Bright (Carta Integra),Metsä Board,Finland,Materials,Paper & Forest Products,Construction & commercial materials,1000.0,As per company's submission to CDP,534.0,0.53,Paper Profile,-4.00%,Small deviation depending of the fuel mix used.,Product carbon efficiency changed,No,0.36700000000000005,0.633,0.0,,
2016,Yes,Metsä Board Prime FBB CX (Tako CX White S),Metsä Board,Finland,Materials,Paper & Forest Products,Construction & commercial materials,1000.0,As per company's submission to CDP,767.0,0.77,Paper Profile,-14.00%,Increased production volume and improved operating efficiency.,Product carbon efficiency changed,No,0.2807,0.7193,0.0,,
2016,Yes,Metsä Board Prime FBB CXB (Carta Allura),Metsä Board,Finland,Materials,Paper & Forest Products,Construction & commercial materials,1000.0,As per company's submission to CDP,766.0,0.77,Paper Profile,-13.00%,Increased production volume and improved operating efficiency.,Product carbon efficiency changed,No,0.2732,0.7268000000000001,0.0,,
2013,Yes,"Carta Elega is a fully coated folding boxboard, GC1, based on 100 % fresh forest fibres. Typical end uses are cosmetics and other luxury packagings and graphical applications.",Metsä Board,Finland,Materials,Paper & Forest Products,Construction & commercial materials,1000.0,As per company's submission to CDP,482.0,0.48,Not reported,-54.00%,A biopower plant was built at Metsä Board's Kyro mill. The new plant produces electricity and heat and replaces the use of fossil natural gas at the mill. The carbon footprints of the folding poxboards produced at the mill be reduced by half.,Product carbon efficiency changed,No,0.2635,0.6245,0.11199999999999999,0.11199999999999999,
2015,Yes,Carta Elega,Metsä Board,Finland,"Forest and Paper Products - Forestry, Timber, Pulp and Paper, Rubber",Not used for 2015 reporting,Construction & commercial materials,1000.0,As per company's submission to CDP,804.0,0.8,Not reported,11.00%,Emissions of purchased energy (electricity) has grown. Other emissions have been in the same level.,Product carbon efficiency changed,No,0.1555,0.7711,0.07339999999999999,0.07339999999999999,
2016,No,Metsä Board Prime FBB CXL (Tako HiD L JTI),Metsä Board,Finland,Materials,Paper & Forest Products,Construction & commercial materials,1000.0,As per company's submission to CDP,767.0,0.77,Paper Profile,-13.00%,Increased production volume and improved operating efficiency.,Product carbon efficiency changed,N/a (product with insufficient stage-level data),,,,,
2016,Yes,Metsä Board Prime FBB CXX (Tako HiD X JTI),Metsä Board,Finland,Materials,Paper & Forest Products,Construction & commercial materials,1000.0,As per company's submission to CDP,767.0,0.77,Paper Profile,-13.00%,Increased production volume and improved operating efficiency.,Product carbon efficiency changed,No,0.2807,0.7193,0.0,,
2016,Yes,Metsä Board Pro FBB (Avanta Prima),Metsä Board,Finland,Materials,Paper & Forest Products,Construction & commercial materials,1000.0,As per company's submission to CDP,811.0,0.81,Paper Profile,3.00%,At Metsä Board Kyro mill one paper machine was closed in 2016. This may have caused small changes in the powerplant operation.,Product carbon efficiency changed,No,0.2121,0.7879,0.0,,
2016,Yes,Metsä Board Pro FBB Bright (Carta Solida),Metsä Board,Finland,Materials,Paper & Forest Products,Construction & commercial materials,1000.0,As per company's submission to CDP,534.0,0.53,Paper Profile,-4.00%,Small deviation depending of the fuel mix used.,Product carbon efficiency changed,No,0.36700000000000005,0.633,0.0,,
2016,Yes,MetsäBoard Pro FBB CX (Tako CX Lite S),Metsä Board,Finland,Materials,Paper & Forest Products,Construction & commercial materials,1000.0,As per company's submission to CDP,776.0,0.78,Paper Profile,-13.00%,Increased production volume and improved operating efficiency.,Product carbon efficiency changed,No,0.259,0.741,0.0,,
2013,Yes,"Avanta Prima is a fully coated folding boxboard, GC2, based on 100 % fresh forest fibress. Typical end uses are high-quality pharmaceuticals, daily cosmetics and food packagings.",Metsä Board,Finland,Materials,Paper & Forest Products,Construction & commercial materials,1000.0,As per company's submission to CDP,478.0,0.48,Not reported,-50.00%,A biopower plant was built at Metsä Board's Kyro mill. The new plant produces electricity and heat and replaces the use of fossil natural gas at the mill. The carbon footprints of the folding poxboards produced at the mill be reduced by half.,Product carbon efficiency changed,No,0.2443,0.643,0.1127,0.1127,
2015,Yes,Avanta Prima,Metsä Board,Finland,"Forest and Paper Products - Forestry, Timber, Pulp and Paper, Rubber",Not used for 2015 reporting,Construction & commercial materials,1000.0,As per company's submission to CDP,811.0,0.81,Not reported,14.00%,Emissions of purchased energy (electricity) has grown. Other emissions have been in the same level.,Product carbon efficiency changed,No,0.1406,0.7842,0.07519999999999999,0.07519999999999999,
2013,Yes,"Carta Solida is a fully coated BCTMP board with a white back, based on 100 % fresh forest fibres. Carta Solida is suitable for packaging and graphical end uses and it is available in reels and sheets.",Metsä Board,Finland,Materials,Paper & Forest Products,Construction & commercial materials,1000.0,As per company's submission to CDP,359.0,0.36,Not reported,3.50%,Emissions of purchased energy (electricity) has grown.,Product carbon efficiency changed,No,0.42340000000000005,0.4401,0.1365,0.1365,
2015,Yes,Carta Solida,Metsä Board,Finland,"Forest and Paper Products - Forestry, Timber, Pulp and Paper, Rubber",Not used for 2015 reporting,Construction & commercial materials,1000.0,As per company's submission to CDP,534.0,0.53,Not reported,-1.00%,Slight change due to mainly using more bio based materials in energy production instead of fossil fuels.,Product carbon efficiency changed,No,0.2753,0.633,0.09179999999999999,0.09179999999999999,
2013,Yes,"Carta Integra is a fully coated BCTMP board with a coated back,  based on 100 % fresh forest fibres. Carta Integra is suitable for graphical and packaging end uses and it is available in reels and sheets.",Metsä Board,Finland,Materials,Paper & Forest Products,Construction & commercial materials,1000.0,As per company's submission to CDP,359.0,0.36,Not reported,(not reported by company),N/a,N/a (no %change reported),No,0.42340000000000005,0.4401,0.1365,0.1365,
2015,Yes,Carta Integra,Metsä Board,Finland,"Forest and Paper Products - Forestry, Timber, Pulp and Paper, Rubber",Not used for 2015 reporting,Construction & commercial materials,1000.0,As per company's submission to CDP,534.0,0.53,Not reported,-1.00%,Slight change due to mainly using more bio based materials in energy production instead of fossil fuels.,Product carbon efficiency changed,No,0.2753,0.633,0.09179999999999999,0.09179999999999999,
2013,Yes,"Kemiart Brite is a tradional white top kraftliner for retail packages with large colour-printed areas and line pictures with excellent contrast, based on 100 % fresh forest fibres. It is used for corrugated packaging.",Metsä Board,Finland,Materials,Paper & Forest Products,Construction & commercial materials,1000.0,As per company's submission to CDP,398.0,0.4,Not reported,(not reported by company),N/a,N/a (no %change reported),No,0.37689999999999996,0.47740000000000005,0.1457,0.1457,
2013,Yes,"Batabak 515 is a fully coated bleached paperboard with uncoated back, based on 100 % fresh forest fibres. Typical end use is cigarette packaging.",Metsä Board,Finland,Materials,Paper & Forest Products,Construction & commercial materials,1000.0,As per company's submission to CDP,781.0,0.78,Not reported,(not reported by company),N/a,N/a (no %change reported),No,0.1716,0.7631,0.0653,0.0653,
2013,Yes,"Batabak 580 is a fully coated bleached paperboard with  a coated back, based on 100 % fresh forest fibres. Typical end use is cigarette packaging.",Metsä Board,Finland,Materials,Paper & Forest Products,Construction & commercial materials,1000.0,As per company's submission to CDP,792.0,0.79,Not reported,(not reported by company),N/a,N/a (no %change reported),No,0.18710000000000002,0.7484000000000001,0.0645,0.0645,
2013,Yes,"Batabak 510 is a fully coated bleached paperboard with uncoated back, based on 100 % fresh forest fibres. Typical end use is cigarette packaging.",Metsä Board,Finland,Materials,Paper & Forest Products,Construction & commercial materials,1000.0,As per company's submission to CDP,781.0,0.78,Not reported,(not reported by company),N/a,N/a (no %change reported),No,0.1716,0.7631,0.0653,0.0653,
2014,No,Glass container,Owens-Illinois,USA,Materials,Containers & Packaging,Packaging for consumer goods,0.416,Estimated from external data based on product description,0.153,0.37,ISO,(not reported by company),N/a,N/a (no previous data available),N/a (product with insufficient stage-level data),,,,,
2014,No,Glass container,Owens-Illinois,USA,Materials,Containers & Packaging,Packaging for consumer goods,0.416,Estimated from external data based on product description,0.11,0.26,ISO,(not reported by company),N/a,N/a (no previous data available),N/a (product with insufficient stage-level data),,,,,
2014,No,Glass container,Owens-Illinois,USA,Materials,Containers & Packaging,Packaging for consumer goods,0.416,Estimated from external data based on product description,0.117,0.28,ISO,(not reported by company),N/a,N/a (no previous data available),N/a (product with insufficient stage-level data),,,,,
2014,No,Glass container,Owens-Illinois,USA,Materials,Containers & Packaging,Packaging for consumer goods,0.416,Estimated from external data based on product description,0.171,0.41,ISO,(not reported by company),N/a,N/a (no previous data available),N/a (product with insufficient stage-level data),,,,,
2014,Yes,BillerudKorsnäs Liquid LC,BillerudKorsnäs,Sweden,Materials,Containers & Packaging,Packaging for consumer goods,1000.0,As per company's submission to CDP,407.0,0.41,ISO,-4.90%,"The overall decrease is mainly thanks to changes in lower grammages and less fossil fuel in the manufacturing processes (Scope 1). At the same time, due to a calculation based on a production on two different sites instead of one, the emissions from the production of chemicals (Scope 3) had a negative change during 2012 compared to the previous figures from 2008 (published in 2011).",Product carbon efficiency changed,No,0.6940000000000001,0.09699999999999999,0.209,0.209,
2015,Yes,BillerudKorsnäs Liquid LC,BillerudKorsnäs,Sweden,Containers & Packaging,Not used for 2015 reporting,Packaging for consumer goods,1000.0,As per company's submission to CDP,407.0,0.41,ISO,-4.90%,"The overall decrease was mainly thanks to changes in lower grammages and less fossil fuel in the manufacturing processes (Scope 1). At the same time, due to a calculation based on a production on two different sites instead of one, the emissions from the production of chemicals (Scope 3) had a negative change during 2012 compared to the previous figures from 2008 (published in 2011).",Product carbon efficiency changed,No,0.6940000000000001,0.09699999999999999,0.209,0.209,
2013,Yes,"TFT-LCD products is the use of the optical properties of liquid crystals to achieve the image display, liquid crystal main structure is poured into the vacuum between the two pieces of glass, glass, applied voltage and control the proper spacing of the deflection characteristics of the incident light can be changed to to image display. For the automobile products's TFT-LCD Module, the product is defined as B to B (Business to Business) products, ranging from the cradle to the door inventory, according to standard PCR system boundaries should be compulsory included in carbon footprint assessment phase are as follows:  . Mining and raw materials made  . Manufacture of major components  . Transport components  . Product assembly stage. The models 069LA of automobile panel was complete the dual certification of carbon footprint and water footprint  by SGS in 2011.",Chunghwa Picture Tubes Ltd,Taiwan,Technology Hardware & Equipment,"Electronic Equipment, Instruments & Components","Computer, IT & telecom",0.28,Estimated from external data based on product description,12.0,42.86,ISO,-50.00%,Materials: No changes Process aspects;  The suppliers reduced carbon emissions with optimized the process. 2011 product used SF6 as process gas. 2012 product used NF3 to replace SF6 as process gas to reduce the CO2 emission.,Product carbon efficiency changed,No,0.57,0.32,0.11,0.11,
2014,Yes,Coca-Cola (all packaging and sizes),Coca-Cola HBC AG,Switzerland,"Food, Beverage & Tobacco",Beverages,Food & Beverage,1.093,As per company's submission to CDP,0.1673,0.15,GHGP,(not reported by company),N/a,N/a (no previous data available),No,0.8428,0.1112,0.046,0.0418,
2015,Yes,Coca-Cola (all packaging and sizes),Coca-Cola HBC AG,Switzerland,Food & Beverage Processing,Not used for 2015 reporting,Food & Beverage,1.093,As per company's submission to CDP,0.158,0.14,GHGP,-5.40%,Our reduction activities in the whole value chain.,Product carbon efficiency changed,No,0.3837,0.12710000000000002,0.4893,0.48229999999999995,
2016,Yes,Coca-Cola (all packaging and sizes),Coca-Cola HBC AG,Switzerland,"Food, Beverage & Tobacco",Beverages,Food & Beverage,1.093,Estimated from external data based on product description,0.147,0.13,GHGP,-1.50%,Our reduction activities in the whole value chain.,Product carbon efficiency changed,No,0.4217,0.10980000000000001,0.4685,0.46240000000000003,
2015,No,Wind Turbine G90 2 Megawats,"Gamesa Corporación Tecnológica, S.A.",Spain,Electrical Equipment and Machinery,Not used for 2015 reporting,Comm. equipm. & capital goods,361000.0,Estimated from external data based on product description,1251625.0,3.47,ISO,-4.00%,New EPD revision including product changes introduced on last two years. Emissions have decreased 4% from previos EPD verified at year 2013,Product carbon efficiency changed,N/a (product with insufficient stage-level data),,,,,
2015,No,Wind Turbine G114 2 Megawats,"Gamesa Corporación Tecnológica, S.A.",Spain,Electrical Equipment and Machinery,Not used for 2015 reporting,Comm. equipm. & capital goods,400000.0,Estimated from external data based on product description,1532608.0,3.83,ISO,(not reported by company),N/a,N/a (no previous data available),N/a (product with insufficient stage-level data),,,,,
2015,No,Wind Turbine G128 5 Megawats,"Gamesa Corporación Tecnológica, S.A.",Spain,Electrical Equipment and Machinery,Not used for 2015 reporting,Comm. equipm. & capital goods,600000.0,Estimated from external data based on product description,3718044.0,6.2,ISO,(not reported by company),N/a,N/a (no previous data available),N/a (product with insufficient stage-level data),,,,,
2015,No,Wind Turbine G132 5 Megawats,"Gamesa Corporación Tecnológica, S.A.",Spain,Electrical Equipment and Machinery,Not used for 2015 reporting,Comm. equipm. & capital goods,600000.0,Estimated from external data based on product description,3276187.0,5.46,Not reported,(not reported by company),N/a,N/a (no previous data available),N/a (product with insufficient stage-level data),,,,,
2013,Yes,HP EliteDisplay E201 20-inch LED Backlit Monitor,Hewlett-Packard,USA,Technology Hardware & Equipment,Computers & Peripherals,"Computer, IT & telecom",7.1,Estimated from external data based on product description,300.0,42.25,MIT PAIA,(not reported by company),N/a,N/a (no previous data available),No,0.0083,0.469,0.5228,0.0172,0.011200000000000002
2013,Yes,HP Compaq LA2206xc 21.5-inch Webcam Monitor,Hewlett-Packard,USA,Technology Hardware & Equipment,Computers & Peripherals,"Computer, IT & telecom",8.3,Estimated from external data based on product description,380.0,45.78,MIT PAIA,(not reported by company),N/a,N/a (no previous data available),No,0.0086,0.43060000000000004,0.5608,0.0182,0.011699999999999999
2013,No,HP LaserJet Enterprise M4555fskm MFP (note that this product is representative of 61 similar products for which full LCAs were performed),Hewlett-Packard,USA,Technology Hardware & Equipment,Computers & Peripherals,"Computer, IT & telecom",52.5,Estimated from external data based on product description,16100.0,306.67,ISO,(not reported by company),N/a,N/a (no previous data available),N/a (product with insufficient stage-level data),,,,,
2013,Yes,HP Compaq LA2405x 24-inch LED Backlit Monitor,Hewlett-Packard,USA,Technology Hardware & Equipment,Computers & Peripherals,"Computer, IT & telecom",10.1,Estimated from external data based on product description,460.0,45.54,MIT PAIA,(not reported by company),N/a,N/a (no previous data available),No,0.0104,0.3832,0.6063000000000001,0.0187,0.0098
2013,No,HP Envy 120 InkJet Printer,Hewlett-Packard,USA,Technology Hardware & Equipment,Computers & Peripherals,"Computer, IT & telecom",7.2,Estimated from external data based on product description,231.4,32.14,ISO,(not reported by company),N/a,N/a (no previous data available),N/a (product with insufficient stage-level data),,,,,
2013,Yes,HP ScanJet 7500 (note that this product is representative of 5 similar products for which full LCAs were performed),Hewlett-Packard,USA,Technology Hardware & Equipment,Computers & Peripherals,"Computer, IT & telecom",10.61,Estimated from external data based on product description,262.1,24.7,ISO,(not reported by company),N/a,N/a (no previous data available),Yes,0.345,0.1316,0.5235,,
2013,Yes,HP Compaq Elite 8300 USDT PC,Hewlett-Packard,USA,Technology Hardware & Equipment,Computers & Peripherals,"Computer, IT & telecom",3.1,Estimated from external data based on product description,420.0,135.48,MIT PAIA,(not reported by company),N/a,N/a (no previous data available),No,0.0052,0.3638,0.631,0.0176,0.0048
2013,Yes,HP Compaq 8200 Elite SFF Business PC,Hewlett-Packard,USA,Technology Hardware & Equipment,Computers & Peripherals,"Computer, IT & telecom",7.6,Estimated from external data based on product description,500.0,65.79,MIT PAIA,(not reported by company),N/a,N/a (no previous data available),No,0.0077,0.3323,0.66,0.0369,0.0109
2013,Yes,HP Compaq Elite 8300 MT PC,Hewlett-Packard,USA,Technology Hardware & Equipment,Computers & Peripherals,"Computer, IT & telecom",11.2,Estimated from external data based on product description,580.0,51.79,MIT PAIA,(not reported by company),N/a,N/a (no previous data available),No,0.0075,0.2692,0.7232999999999999,0.0304,0.0104
2013,Yes,HP EliteBook Folio 9470m,Hewlett-Packard,USA,Technology Hardware & Equipment,Computers & Peripherals,"Computer, IT & telecom",1.61,Estimated from external data based on product description,230.0,142.86,MIT PAIA,(not reported by company),N/a,N/a (no previous data available),No,0.004699999999999999,0.7666,0.22870000000000001,0.0784,0.0043
2013,Yes,HP EliteBook 8460p Notebook PC,Hewlett-Packard,USA,Technology Hardware & Equipment,Computers & Peripherals,"Computer, IT & telecom",2.25,Estimated from external data based on product description,290.0,128.89,MIT PAIA,(not reported by company),N/a,N/a (no previous data available),No,0.0059,0.6252,0.3689,0.0986,0.0059
2013,Yes,HP EliteBook 8570w Mobile Workstation,Hewlett-Packard,USA,Technology Hardware & Equipment,Computers & Peripherals,"Computer, IT & telecom",3.0,Estimated from external data based on product description,370.0,123.33,MIT PAIA,(not reported by company),N/a,N/a (no previous data available),No,0.0024,0.6908,0.3068,0.0748,0.0049
2016,No,Canvas Wood Lateral,Herman Miller,USA,Consumer Durables & Apparel,Household Durables,"Home durables, textiles, & equipment",70.2,Estimated from external data based on product description,54.0,0.77,TRACI 2.1,(not reported by company),N/a,N/a (no previous data available),N/a (product with insufficient stage-level data),,,,,
2016,No,Canvas Wood Pedestal 2016,Herman Miller,USA,Consumer Durables & Apparel,Household Durables,"Home durables, textiles, & equipment",88.7,Estimated from external data based on product description,77.0,0.87,TRACI 2.1,(not reported by company),N/a,N/a (no previous data available),N/a (product with insufficient stage-level data),,,,,
2015,No,Embody Chair,Herman Miller,USA,"Consumer Durables, Household and Personal Products",Not used for 2015 reporting,"Home durables, textiles, & equipment",23.59,Estimated from external data based on product description,98.0,4.15,TRACI 2.1,(not reported by company),N/a,N/a (no previous data available),N/a (product with insufficient stage-level data),,,,,
2016,No,Embody Chair,Herman Miller,USA,Consumer Durables & Apparel,Household Durables,"Home durables, textiles, & equipment",23.59,Estimated from external data based on product description,98.0,4.15,TRACI 2.1,(not reported by company),N/a,N/a (no previous data available),N/a (product with insufficient stage-level data),,,,,
2016,No,Canvas Wood Tower,Herman Miller,USA,Consumer Durables & Apparel,Household Durables,"Home durables, textiles, & equipment",107.0,Estimated from external data based on product description,43.0,0.4,TRACI 2.1,(not reported by company),N/a,N/a (no previous data available),N/a (product with insufficient stage-level data),,,,,
2016,No,New Aeron Chair,Herman Miller,USA,Consumer Durables & Apparel,Household Durables,"Home durables, textiles, & equipment",19.323,Estimated from external data based on product description,87.0,4.5,TRACI 2.1,(not reported by company),N/a,N/a (no previous data available),N/a (product with insufficient stage-level data),,,,,
2015,No,Caper Stacking Chair,Herman Miller,USA,"Consumer Durables, Household and Personal Products",Not used for 2015 reporting,"Home durables, textiles, & equipment",9.53,Estimated from external data based on product description,26.0,2.73,TRACI 2.1,(not reported by company),N/a,N/a (no previous data available),N/a (product with insufficient stage-level data),,,,,
2016,No,Caper Stacking Chair,Herman Miller,USA,Consumer Durables & Apparel,Household Durables,"Home durables, textiles, & equipment",9.53,Estimated from external data based on product description,26.0,2.73,TRACI 2.1,(not reported by company),N/a,N/a (no previous data available),N/a (product with insufficient stage-level data),,,,,
2015,No,Aeron Chair,Herman Miller,USA,"Consumer Durables, Household and Personal Products",Not used for 2015 reporting,"Home durables, textiles, & equipment",24.95,Estimated from external data based on product description,91.0,3.65,TRACI 2.1,(not reported by company),N/a,N/a (no previous data available),N/a (product with insufficient stage-level data),,,,,
2016,No,Aeron Chair,Herman Miller,USA,Consumer Durables & Apparel,Household Durables,"Home durables, textiles, & equipment",24.95,Estimated from external data based on product description,98.0,3.93,TRACI 2.1,(not reported by company),N/a,N/a (no previous data available),N/a (product with insufficient stage-level data),,,,,
2015,No,Mirra 2 Chair,Herman Miller,USA,"Consumer Durables, Household and Personal Products",Not used for 2015 reporting,"Home durables, textiles, & equipment",19.05,Estimated from external data based on product description,105.0,5.51,TRACI 2.1,(not reported by company),N/a,N/a (no previous data available),N/a (product with insufficient stage-level data),,,,,
2016,No,Mirra 2 Chair,Herman Miller,USA,Consumer Durables & Apparel,Household Durables,"Home durables, textiles, & equipment",19.05,Estimated from external data based on product description,105.0,5.51,TRACI 2.1,(not reported by company),N/a,N/a (no previous data available),N/a (product with insufficient stage-level data),,,,,
2015,No,"Sayl Work Chair, Suspension Back",Herman Miller,USA,"Consumer Durables, Household and Personal Products",Not used for 2015 reporting,"Home durables, textiles, & equipment",17.24,Estimated from external data based on product description,82.0,4.76,TRACI 2.1,(not reported by company),N/a,N/a (no previous data available),N/a (product with insufficient stage-level data),,,,,
2016,No,"Sayl Work Chair, Suspension Back",Herman Miller,USA,Consumer Durables & Apparel,Household Durables,"Home durables, textiles, & equipment",17.24,Estimated from external data based on product description,82.0,4.76,TRACI 2.1,(not reported by company),N/a,N/a (no previous data available),N/a (product with insufficient stage-level data),,,,,
2015,No,Setu Multipurpose Chair with Lyris 2,Herman Miller,USA,"Consumer Durables, Household and Personal Products",Not used for 2015 reporting,"Home durables, textiles, & equipment",7.71,Estimated from external data based on product description,48.0,6.23,TRACI 2.1,(not reported by company),N/a,N/a (no previous data available),N/a (product with insufficient stage-level data),,,,,
2016,No,Setu Multipurpose chair with Lyris 2,Herman Miller,USA,Consumer Durables & Apparel,Household Durables,"Home durables, textiles, & equipment",7.71,Estimated from external data based on product description,48.0,6.23,TRACI 2.1,(not reported by company),N/a,N/a (no previous data available),N/a (product with insufficient stage-level data),,,,,
2015,No,Celle Chair,Herman Miller,USA,"Consumer Durables, Household and Personal Products",Not used for 2015 reporting,"Home durables, textiles, & equipment",24.95,Estimated from external data based on product description,72.0,2.89,TRACI 2.1,(not reported by company),N/a,N/a (no previous data available),N/a (product with insufficient stage-level data),,,,,
2016,No,Celle Chair,Herman Miller,USA,Consumer Durables & Apparel,Household Durables,"Home durables, textiles, & equipment",24.95,Estimated from external data based on product description,72.0,2.89,TRACI 2.1,(not reported by company),N/a,N/a (no previous data available),N/a (product with insufficient stage-level data),,,,,
2016,No,Aeron Work Stool,Herman Miller,USA,Consumer Durables & Apparel,Household Durables,"Home durables, textiles, & equipment",34.93,Estimated from external data based on product description,102.0,2.92,TRACI 2.1,(not reported by company),N/a,N/a (no previous data available),N/a (product with insufficient stage-level data),,,,,
2016,No,Canvas Wood Credenza 2016,Herman Miller,USA,Consumer Durables & Apparel,Household Durables,"Home durables, textiles, & equipment",99.5,Estimated from external data based on product description,76.0,0.76,TRACI 2.1,(not reported by company),N/a,N/a (no previous data available),N/a (product with insufficient stage-level data),,,,,
2014,Yes,Graphite 2500 DECT,BT Group,United Kingdom,Telecommunication Services,Diversified Telecommunication Services,"Computer, IT & telecom",1.4,Estimated from external data based on product description,4.7,3.36,GHGP,(not reported by company),N/a,N/a (no %change reported),No,0.1923,0.029900000000000003,0.7778,0.0171,0.010700000000000001
2015,Yes,Graphite 2500 DECT,BT Group,United Kingdom,Telecommunication Services,Not used for 2015 reporting,"Computer, IT & telecom",1.4,Estimated from external data based on product description,4.7,3.36,GHGP,(not reported by company),N/a,N/a (no %change reported),No,0.1923,0.029900000000000003,0.7778,0.0171,0.010700000000000001
2014,Yes,Home Hub 2.0,BT Group,United Kingdom,Telecommunication Services,Diversified Telecommunication Services,"Computer, IT & telecom",1.1,Estimated from external data based on product description,57.0,51.82,Not reported,(not reported by company),N/a,N/a (no %change reported),No,0.1201,0.0037,0.8762000000000001,0.0014000000000000002,0.0018
2015,Yes,Home Hub 2.0,BT Group,United Kingdom,Telecommunication Services,Not used for 2015 reporting,"Computer, IT & telecom",1.1,Estimated from external data based on product description,57.0,51.82,Not reported,(not reported by company),N/a,N/a (no %change reported),No,0.1186,0.0037,0.8778,0.0141,0.0017000000000000001
2014,Yes,Home Hub 3.0,BT Group,United Kingdom,Telecommunication Services,Diversified Telecommunication Services,"Computer, IT & telecom",1.2,Estimated from external data based on product description,33.0,27.5,Not reported,(not reported by company),N/a,N/a (no %change reported),No,0.0688,0.010700000000000001,0.9205,0.0031,0.0031
2015,Yes,Home Hub 3.0,BT Group,United Kingdom,Telecommunication Services,Not used for 2015 reporting,"Computer, IT & telecom",1.2,Estimated from external data based on product description,33.0,27.5,Not reported,(not reported by company),N/a,N/a (no %change reported),No,0.0688,0.010700000000000001,0.9205,0.0031,0.0031
2014,Yes,Vision+ box,BT Group,United Kingdom,Telecommunication Services,Diversified Telecommunication Services,"Computer, IT & telecom",1.7,Estimated from external data based on product description,88.0,51.76,Not reported,(not reported by company),N/a,N/a (no %change reported),No,0.11230000000000001,0.0005,0.8872,0.0128,0.0027
2015,Yes,Vision+ box,BT Group,United Kingdom,Telecommunication Services,Not used for 2015 reporting,"Computer, IT & telecom",1.7,Estimated from external data based on product description,88.0,51.76,Not reported,(not reported by company),N/a,N/a (no %change reported),No,0.11230000000000001,0.0005,0.8872,0.0128,0.0027
2014,No,Carbon Black,Cabot Corporation,USA,Materials,Chemicals,Chemicals,1000.0,As per company's submission to CDP,2280.0,2.28,GHGP,(not reported by company),N/a,N/a (no %change reported),N/a (product with insufficient stage-level data),,,,,
2014,Yes,Multi Function Printer,Canon Inc.,Japan,Technology Hardware & Equipment,Office Electronics,"Computer, IT & telecom",71.0,Estimated from external data based on product description,39.0,0.55,M. Env. Japan,-9.00%,"The result of promoting the following activities mainly; 1. A smaller, lighter PIXMA series and reduced packaging size helps cut down CO2 emissions throughout the whole process from production, shipping to selling 2. Low-power-consumption design achieved by LED light source 3. Reduction electricity consumption 4. Equipped with Eco mode, such as automatic duplex printing and power-off timers that can be set directly from the device by touch panel operation, allowing for paper conservation as well as reduced power consumption while in standby. 5. Promoting Modal Shifts from road and air transportation to a combination of ocean and rail, which have a lower environmental impact.",Product carbon efficiency changed,Yes,0.5585,0.213,0.2286,0.0338,0.0935
2014,Yes,Multi Function Printer with a built-in facsimile,Canon Inc.,Japan,Technology Hardware & Equipment,Office Electronics,"Computer, IT & telecom",30.98,Estimated from external data based on product description,57.0,1.84,M. Env. Japan,-5.00%,"The result of promoting the following activities mainly; 1. A smaller, lighter PIXMA series and reduced packaging size helps cut down CO2 emissions throughout the whole process from production, shipping to selling 2. Low-power-consumption design achieved by LED light source 3. Reduction electricity consumption 4. Equipped with Eco mode, such as automatic duplex printing and power-off timers that can be set directly from the device by touch panel operation, allowing for paper conservation as well as reduced power consumption while in standby. 5. Promoting Modal Shifts from road and air transportation to a combination of ocean and rail, which have a lower environmental impact.",Product carbon efficiency changed,Yes,0.5652,0.2155,0.2193,0.022799999999999997,0.114
2014,Yes,Digital camera,Canon Inc.,Japan,Technology Hardware & Equipment,Office Electronics,"Computer, IT & telecom",0.553,Estimated from external data based on product description,13.0,23.51,M. Env. Japan,2.00%,"The result of promoting the following activities mainly; Promoting Modal Shifts from road and air transportation to a combination of ocean and rail, which have a lower environmental impact. However, on the decrease of our production, CO2 emissions from fixed sources per unit increased.",Product carbon efficiency changed,Yes,0.6381,0.2434,0.1185,0.0889,0.0222
2014,Yes,Single Lens Reflex camera system,Canon Inc.,Japan,Technology Hardware & Equipment,Office Electronics,"Computer, IT & telecom",1.53,Estimated from external data based on product description,19.0,12.42,M. Env. Japan,-3.00%,"The result of promoting the following activities mainly; Promoting Modal Shifts from road and air transportation to a combination of ocean and rail, which have a lower environmental impact.",Product carbon efficiency changed,Yes,0.5739,0.2189,0.2073,0.1813,0.0207
2013,No,Ingeo--biopolymer (polylactid) made from corn starch,Cargill,USA,"Food, Beverage & Tobacco",Food Products,Food & Beverage,1.0,As per company's submission to CDP,1.3,1.3,ISO,(not reported by company),N/a,N/a (no %change reported),N/a (product with insufficient stage-level data),,,,,
2014,No,Ingeo,Cargill,USA,"Food, Beverage & Tobacco",Food Products,Food & Beverage,1.0,As per company's submission to CDP,1.3,1.3,ISO,(not reported by company),N/a,N/a (no %change reported),N/a (product with insufficient stage-level data),,,,,
2013,Yes,"Series 29 Hydrant - Squat Hydrant suitable for use with water and neutral liquids, to a maximum temperature of 70 degrees centigrade. Complies with requirements of BS750:2006 and BSEN1074-2:2004 and EN14339:2005, underground hydrants. Also to BS EN 1074-6 for potable (drinking) water. This product has kitemark and WRAS approval. The 2938832112 replaces the 2928832112.",AVK,United Kingdom,Capital Goods,Trading Companies & Distributors,Comm. equipm. & capital goods,13.0,Estimated from external data based on product description,31.33,2.41,PAS2050,18.36%,"Previously AVK brought in the bodies and machined them in house. This arrangement has now changed and the bodies are brought in ready machined. The effect of this is a large rise in the emissions from supplier components. In addition the amount of CO2e emissions per valve has increased because the amount of emissions allocated to each valve is by weight of the product. The total number of products has decreased, therefore more emissions have been allocated to each product at the ""Manufacture of AVK finished components"" stage of the lifecycle. A slight increase in emissions is observed at the ""Assembly and finishing of product"" stage of the lifecycle. This is the result of a change in methodology to allocate the Scope 1 and 2 by weight of component compared to the total weight of all components and a decrease in the total weight of products sold in the reporting year.",Model/parameters AND product carbon efficiency changed,No,0.39380000000000004,0.5685,0.0377,0.0377,
2014,Yes,Series 29/388 Squat Hydrant,AVK,United Kingdom,Capital Goods,Trading Companies & Distributors,Comm. equipm. & capital goods,13.0,Estimated from external data based on product description,30.05,2.31,PAS2050,-4.10%,The value recorded this year was slightly lower than the previously recorded value. This is due to improvements made to the method by which life-cycle emissions are calculated (using emission factors that more accurately reflect all of the components that make up the product).,Model and/or parameters changed (but not product),No,0.9764,0.0013,0.0222,0.0199,0.0023
2013,Yes,"The series 21/75 is a resilient seat, wedge gate valve for isolation purposes, suitable for use with water and neutral liquids (sewage), to a maximum temperature of +70 degrees centegrade. The series 21/75 is a new alternative to a series 21/50 in some applications. Therefore where a 21/75 is sold we can calculate the emissions saved in contrast to the sale of a 21/50.",AVK,United Kingdom,Capital Goods,Trading Companies & Distributors,Comm. equipm. & capital goods,41.0,Estimated from external data based on product description,94.08,2.29,PAS2050,19.09%,"The total number of AVK manufactured products has decreased in the reporting year, therefore more emissions have increased significantly at the ""Manufacture of AVK finished components"" stage of the lifecycle. An increase of emissions is also observed at the ""Assembly and finishing of product"" stage of the lifecycle. This is the result of a change in methodology to allocate the Scope 1 and 2 by weight of component compared to the total weight of all components and a decrease in the amount of products sold in the reporting year.",Model/parameters AND product carbon efficiency changed,No,0.4525,0.46950000000000003,0.078,0.078,
2013,Yes,"Gas Product - Small 555 series cast iron softseal valve, PN16. This series 555 softseal valve is a double-faced, resilient seat wedge gate valve. It is designed primarily for the isolation of natural gas and towns gas. Kitemark approved for GIS/V7 part 1.",AVK,United Kingdom,Capital Goods,Trading Companies & Distributors,Comm. equipm. & capital goods,23.0,Estimated from external data based on product description,44.27,1.92,PAS2050,-3.72%,"A reduction of emissions is observed at the ""Assembly and finishing of product"" stage of the lifecycle. This is the result of a reduction in scope 1 and 2 emissions at Bryan Donkin Valves Ltd where this product is assembled.",Product carbon efficiency changed,No,0.7206999999999999,0.17079999999999998,0.1084,0.1084,
2014,Yes,Series 555/300 Gate Valve,AVK,United Kingdom,Capital Goods,Trading Companies & Distributors,Comm. equipm. & capital goods,23.0,Estimated from external data based on product description,33.44,1.45,PAS2050,-24.47%,The value recorded this year was lower than the previously recorded value. This is due to improvements made to the method by which life-cycle emissions are calculated (using emission factors that more accurately reflect all of the components that make up the product).,Model and/or parameters changed (but not product),No,0.9948,0.0009,0.0043,0.0021,0.0021
2014,Yes,Series 21/50 Gate Valve,AVK,United Kingdom,Capital Goods,Trading Companies & Distributors,Comm. equipm. & capital goods,41.0,Estimated from external data based on product description,62.63,1.53,PAS2050,-33.43%,The value recorded this year was lower than the previously recorded value. This is due to improvements made to the method by which life-cycle emissions are calculated (using emission factors that more accurately reflect all of the components that make up the product).,Model and/or parameters changed (but not product),No,0.9784999999999999,0.0005,0.021099999999999997,0.0199,0.0011
2014,Yes,Series 202/31 Repair Clamp,AVK,United Kingdom,Capital Goods,Trading Companies & Distributors,Comm. equipm. & capital goods,7.0,Estimated from external data based on product description,57.07,8.15,PAS2050,-2.76%,"This item was not included in last years report, but the emissions associated with this product have decreased from what they were during the last reporting period due to carbon reduction initiatives that took place. AVK UK's technical department re-designed a widely used component (ductile iron lug) to reduce the weight by 0.289kg (per lug).  This product contains 4 ductile iron lugs, and therefore the emission reduction is 4 x 0.289 x 1.4 = 1.62kg (9.71 tonne reduction over the reporting period from this product alone).",Product carbon efficiency changed,No,0.9876,0.0002,0.0123,0.011000000000000001,0.0012
2016,No,See attached sheet,Pacific Coast Producers,USA,"Food, Beverage & Tobacco",Food Products,Food & Beverage,907.19,As per company's submission to CDP,187.161,0.21,GHGP,(not reported by company),N/a,N/a (no %change reported),N/a (product with insufficient stage-level data),,,,,
2013,Yes,Ecoworx Carpet Tile with Shaw's Eco Solution Q Nylon 6 face fiber,"Shaw Industries Group, Inc.",USA,Consumer Durables & Apparel,"Textiles, Apparel & Luxury Goods","Home durables, textiles, & equipment",0.267906667,Estimated from external data based on product description,14.6,54.5,ISO,38.00%,"Life Cycle Assessment for this product has been updated to 1) align methodology and scope/boundaries with US based Flooring Product Category Rules, and 2) to incorporate the latest available data tables for TRACI impact categories - including GHG.",Model and/or parameters changed (but not product),No,0.8231,0.09519999999999999,0.0816,,0.013600000000000001
2016,No,PET preforms for bottles,Retal,Lithuania,Materials,Containers & Packaging,Packaging for consumer goods,0.03,As per company's submission to CDP,0.0108,0.36,GHGP,-1.50%,Emission reduction activities.,Product carbon efficiency changed,N/a (product with insufficient stage-level data),,,,,
2013,Yes,Page Printer SPEEDIA N3600,"Casio Computer Co., Ltd.",Japan,Consumer Durables & Apparel,Household Durables,"Home durables, textiles, & equipment",45.0,Estimated from external data based on product description,2344.0,52.09,EcoLeaf,(not reported by company),N/a,N/a (no %change reported),No,0.1152,0.0055000000000000005,0.8792,0.004699999999999999,0.0239
2014,Yes,SPEEDIA N3600,"Casio Computer Co., Ltd.",Japan,Consumer Durables & Apparel,Household Durables,"Home durables, textiles, & equipment",45.0,Estimated from external data based on product description,2344.0,52.09,ISO,(not reported by company),N/a,N/a (no %change reported),No,0.1152,0.0055000000000000005,0.8792,0.004699999999999999,0.0239
2016,No,Lineal Alkyl Bencene (LAB),"Compañía Española de Petróleos, S.A.U. CEPSA",Spain,Energy,"Oil, Gas & Consumable Fuels",Chemicals,1000.0,As per company's submission to CDP,6109.0,6.11,Not reported,(not reported by company),N/a,N/a (no %change reported),N/a (product with insufficient stage-level data),,,,,
2016,No,Lineal Alkyl Bencene (LAB),"Compañía Española de Petróleos, S.A.U. CEPSA",Spain,Energy,"Oil, Gas & Consumable Fuels",Chemicals,1000.0,As per company's submission to CDP,890.0,0.89,Not reported,(not reported by company),N/a,N/a (no %change reported),N/a (product with insufficient stage-level data),,,,,
2016,No,E - Series Solar Panels (SPR-327NE-WHT-D AR modules),SunPower Corporation,USA,Capital Goods,Electrical Equipment,Comm. equipm. & capital goods,18.6,Estimated from external data based on product description,281.0,15.11,ISO,(not reported by company),N/a,N/a (no %change reported),N/a (product with insufficient stage-level data),,,,,
2013,Yes,Droid Razr,Motorola Mobility,USA,Consumer Durables & Apparel,Household Durables,"Home durables, textiles, & equipment",0.127,Estimated from external data based on product description,29.96,235.91,Not reported,(not reported by company),N/a,N/a (no %change reported),No,0.0007000000000000001,0.9235,0.0759,0.0338,
2013,Yes,"50 TFT-LCD TV module which consisted of the following main components: PCBA, converter, TFT-LCD panel, LED backlight",Innolux Corporation,Taiwan,Technology Hardware & Equipment,"Electronic Equipment, Instruments & Components","Computer, IT & telecom",14.96,Estimated from external data based on product description,145.0,9.69,PAS2050,(not reported by company),N/a,N/a (no %change reported),No,0.6,0.4,0.0,,
2013,Yes,Can/Bottle vending machine  -30Selections  -Cooling / warming  - R744 Heat Pump Refrigeration System  - LED Lighting,Sanden,Japan,Capital Goods,Machinery,Comm. equipm. & capital goods,342.462,Estimated from external data based on product description,3139.9,9.17,EcoLeaf,-0.60%,Energy saving in operation,Product carbon efficiency changed,No,0.2842,0.0425,0.6733,0.005600000000000001,0.09119999999999999
2014,Yes,Vending Machine,Sanden,Japan,Capital Goods,Machinery,Comm. equipm. & capital goods,342.462,Estimated from external data based on product description,2403.2,7.02,EcoLeaf,-23.00%,"35% reduction in ""Usage (5 years)"" due to Energy Saving in operation  26% reduction in ""Disposal""",Product carbon efficiency changed,No,0.35979999999999995,0.057699999999999994,0.5825,0.0074,0.08800000000000001
2015,Yes,Vending Machine,Sanden,Japan,Electrical Equipment and Machinery,Not used for 2015 reporting,Comm. equipm. & capital goods,342.462,Estimated from external data based on product description,2268.1,6.62,EcoLeaf,-6.00%,"30% reduction in ""Usage"" due to energy saving in operation.",Product carbon efficiency changed,No,0.4263,0.0667,0.507,0.008,0.1027
2015,No,Sodium sulphate,Crimidesa,Spain,Chemicals,Not used for 2015 reporting,Chemicals,1000.0,As per company's submission to CDP,180.0,0.18,GHGP,(not reported by company),N/a,N/a (no %change reported),N/a (product with insufficient stage-level data),,,,,
2016,No,sodium sulphate,Crimidesa,Spain,Materials,Chemicals,Chemicals,1000.0,As per company's submission to CDP,140.0,0.14,GHGP,1.10%,Less production,Product carbon efficiency changed,N/a (product with insufficient stage-level data),,,,,
2013,Yes,IP Phone,"Cisco Systems, Inc.",USA,Technology Hardware & Equipment,Communications Equipment,"Computer, IT & telecom",3.5,Estimated from external data based on product description,278.0,79.43,ISO,(not reported by company),N/a,N/a (no %change reported),Yes,0.19390000000000002,0.07400000000000001,0.7321,0.0014000000000000002,
2013,Yes,Small Rack Mount Switch,"Cisco Systems, Inc.",USA,Technology Hardware & Equipment,Communications Equipment,"Computer, IT & telecom",2.0,Estimated from external data based on product description,1473.0,736.5,ISO,(not reported by company),N/a,N/a (no %change reported),Yes,0.055,0.021,0.924,0.0319,
2014,Yes,Walmart Brand Products,Perfection Bakeries Inc.,USA,Food & Staples Retailing,Food & Staples Retailing,Food & Beverage,454.0,Estimated from external data based on product description,164.0,0.36,Not reported,(not reported by company),N/a,N/a (no %change reported),Yes,0.5274,0.2775,0.19510000000000002,0.19510000000000002,
2015,Yes,Walmart Brand Products,Perfection Bakeries Inc.,USA,Food & Staples Retailing,Not used for 2015 reporting,Food & Beverage,454.0,Estimated from external data based on product description,179.0,0.39,Not reported,9.06%,"We produced 9.86% more Walmart-brand products by weight. Since my estimations are based on weight, more Walmart-brand pounds produced will result in an increase in emissions/unit. In addition, and to a lesser extent, my accounting error in 2013 resulted in me under-reporting emissions for 2013. This also had the effect of my emissions relative to 2013 being a little higher. I also had more emissions overall in 2014 than in 2013.",Model/parameters AND product carbon efficiency changed,Yes,0.48219999999999996,0.25370000000000004,0.264,0.264,
2016,No,Walmart Brand Products,Perfection Bakeries Inc.,USA,"Food, Beverage & Tobacco",Beverages,Food & Beverage,0.454,As per company's submission to CDP,0.141,0.31,Not reported,-2.07%,"We manufactured the same products for Walmart in FY15, so I would expect the emissions to be similar. Our production lbs of Walmart brand products increased 49.3% over FY15, but our emissions per unit stayed relatively constant (-2.07%). Due to mymanufacturing process it is difficult to obtain exact emission numbers for specific Walmart brand products. Thus, I calculate an emissions factor based on company-wide emissions, including all products produced, then multiply this emission factor by the weight of Walmart brand products. Due to this limitation in reporting, by Walmart brand emissions decreased because my emissions for all products decreased.",Product carbon efficiency changed,N/a (product with insufficient stage-level data),,,,,
2016,Yes,GMP (5'-Guanylate),CJ Cheiljedang,South Korea,"Food, Beverage & Tobacco",Beverages,Food & Beverage,1000.0,As per company's submission to CDP,24839.0,24.84,GHGP,-3.09%,"We optimize our production process to maximize productivity and maximize facility utilization efficiency (air compressors / coolers, etc.).? Note : Revision of 2016 SKU unit notation  - Before Change : kg  - After Change : Ton",Product carbon efficiency changed,No,0.34130000000000005,0.6543000000000001,0.0043,0.0040999999999999995,
2016,Yes,I&G (5'-Ribonucleotide),CJ Cheiljedang,South Korea,"Food, Beverage & Tobacco",Beverages,Food & Beverage,1000.0,As per company's submission to CDP,21126.0,21.13,GHGP,-1.38%,"We optimize our production process to maximize productivity and maximize facility utilization efficiency (air compressors / coolers, etc.).? Note : Revision of 2016 SKU unit notation  - Before Change : kg  - After Change : Ton",Product carbon efficiency changed,No,0.2359,0.7593000000000001,0.0049,0.0045000000000000005,
2016,Yes,IMP (5'-Inosinate),CJ Cheiljedang,South Korea,"Food, Beverage & Tobacco",Beverages,Food & Beverage,1000.0,As per company's submission to CDP,18042.0,18.04,GHGP,-0.78%,"We optimize our production process to maximize productivity and maximize facility utilization efficiency (air compressors / coolers, etc.).? Note : Revision of 2016 SKU unit notation  - Before Change : kg  - After Change : Ton",Product carbon efficiency changed,No,0.1672,0.8306999999999999,0.0021,0.0019,
2016,Yes,L-Arginine,CJ Cheiljedang,South Korea,"Food, Beverage & Tobacco",Beverages,Food & Beverage,1000.0,As per company's submission to CDP,26836.0,26.84,GHGP,-4.19%,"We optimize our production process to maximize productivity and maximize facility utilization efficiency (air compressors / coolers, etc.).",Product carbon efficiency changed,No,0.2989,0.6984,0.0026,0.0025,
2016,Yes,MSG (Monosodium Glutamate),CJ Cheiljedang,South Korea,"Food, Beverage & Tobacco",Beverages,Food & Beverage,1000.0,As per company's submission to CDP,3859.0,3.86,GHGP,-0.07%,"We optimize our production process to maximize productivity and maximize facility utilization efficiency (air compressors / coolers, etc.).? Note : Revision of 2016 SKU unit notation  - Before Change : kg  - After Change : Ton",Product carbon efficiency changed,No,0.2273,0.7608,0.011899999999999999,0.0111,
2016,No,SUGAR,CJ Cheiljedang,South Korea,"Food, Beverage & Tobacco",Beverages,Food & Beverage,1000.0,As per company's submission to CDP,114.8,0.11,GHGP,(not reported by company),N/a,N/a (no previous data available),N/a (product with insufficient stage-level data),,,,,
2016,Yes,Nicotine,CONTRAF-NICOTEX-TOBACCO GmbH,Germany,"Food, Beverage & Tobacco",Tobacco,Food & Beverage,1.0,As per company's submission to CDP,16.884,16.88,GHGP,7.00%,(i) reduced output (ii) higher electricity consuption,Product carbon efficiency changed,Yes,0.2357,0.124,0.6403,0.6403,
2013,No,"Organic pigments. PCF value for organic pigments, cradle to gate",Clariant AG,Switzerland,Materials,Chemicals,Chemicals,1.0,Estimated from external data based on product description,26.0,26.0,Not reported,50.00%,N/a,No specific reason reported,N/a (product with insufficient stage-level data),,,,,
2013,No,"PCF value for metal and effect pigments, cradle to gate",Clariant AG,Switzerland,Materials,Chemicals,Chemicals,1.0,Estimated from external data based on product description,26.0,26.0,Not reported,(not reported by company),N/a,N/a (no %change reported),N/a (product with insufficient stage-level data),,,,,
2014,No,Organic Pigments,Clariant AG,Switzerland,Materials,Chemicals,Chemicals,1.0,Estimated from external data based on product description,26.0,26.0,Not reported,(not reported by company),N/a,N/a (no %change reported),N/a (product with insufficient stage-level data),,,,,
2016,No,Organic Pigments,Clariant AG,Switzerland,Materials,Chemicals,Chemicals,1.0,As per company's submission to CDP,26.0,26.0,Not reported,(not reported by company),N/a,N/a (no %change reported),N/a (product with insufficient stage-level data),,,,,
2016,No,De-icing fluids,Clariant AG,Switzerland,Materials,Chemicals,Chemicals,1.0,As per company's submission to CDP,1.85,1.85,ISO,(not reported by company),N/a,N/a (no %change reported),N/a (product with insufficient stage-level data),,,,,
2016,No,Exolit ammonium polyphosphate	,Clariant AG,Switzerland,Materials,Chemicals,Chemicals,1.0,As per company's submission to CDP,5.0,5.0,ISO,(not reported by company),N/a,N/a (no %change reported),N/a (product with insufficient stage-level data),,,,,
2016,No,Exolit OP phosphinates	,Clariant AG,Switzerland,Materials,Chemicals,Chemicals,1.0,As per company's submission to CDP,9.0,9.0,ISO,(not reported by company),N/a,N/a (no %change reported),N/a (product with insufficient stage-level data),,,,,
2016,Yes,Sunliquid	,Clariant AG,Switzerland,Materials,Chemicals,Chemicals,0.0333,As per company's submission to CDP,0.004,0.12,JEC/BIOGRACE,(not reported by company),N/a,N/a (no %change reported),Yes,0.2236,0.1185,0.6579,0.6579,
2013,No,"Verre Infini, perfumery glass made only with domestic glass from segregation. Middle bottle weighing 100g",SGD Group,France,Household & Personal Products,Personal Products,Packaging for consumer goods,0.1,As per company's submission to CDP,0.124,1.24,Not reported,(not reported by company),N/a,N/a (no %change reported),N/a (product with insufficient stage-level data),,,,,
2013,No,Perfumery specific glass. Middle bottle weighing 100g,SGD Group,France,Household & Personal Products,Personal Products,Packaging for consumer goods,0.1,As per company's submission to CDP,0.162,1.62,Not reported,(not reported by company),N/a,N/a (no %change reported),N/a (product with insufficient stage-level data),,,,,
2016,Yes,Interface Brazil Carpet,"Interface, Inc.",USA,Consumer Durables & Apparel,"Textiles, Apparel & Luxury Goods","Home durables, textiles, & equipment",4.164,Estimated from external data based on product description,9.78,2.35,ISO,-10.00%,N/a,No specific reason reported,Yes,0.5946,0.1497,0.2556,,0.0276
2016,Yes,Interface Canada Carpet,"Interface, Inc.",USA,Consumer Durables & Apparel,"Textiles, Apparel & Luxury Goods","Home durables, textiles, & equipment",4.164,Estimated from external data based on product description,11.06,2.66,ISO,-5.00%,N/a,No specific reason reported,Yes,0.5251,0.1322,0.3427,,0.024399999999999998
2013,Yes,Interface United States carpet tile (The average square meter of carpet tile sold as Cool Carpet by our Interface business in the United States),"Interface, Inc.",USA,Consumer Durables & Apparel,"Textiles, Apparel & Luxury Goods","Home durables, textiles, & equipment",4.164,Estimated from external data based on product description,13.39,3.22,ISO,-14.00%,"A product mix with lower average face weight and higher recycled content, combined with a change in calculation methodology for End of Life impacts, resulted in a decrease in emissions per unit.",Product carbon efficiency changed,Yes,0.5489,0.1382,0.3129,,0.0194
2014,Yes,Interface US carpet,"Interface, Inc.",USA,Consumer Durables & Apparel,"Textiles, Apparel & Luxury Goods","Home durables, textiles, & equipment",4.164,Estimated from external data based on product description,12.59,3.02,ISO,-5.97%,Slightly higher yarn weight and higher energy use were offset by increased recycled yarn content and use of renewable electricity.,Product carbon efficiency changed,Yes,0.5463,0.1376,0.3161,,0.021400000000000002
2016,Yes,Interface Global LVT,"Interface, Inc.",USA,Consumer Durables & Apparel,"Textiles, Apparel & Luxury Goods","Home durables, textiles, & equipment",4.164,Estimated from external data based on product description,17.1,4.11,ISO,(not reported by company),N/a,N/a (no previous data available),Yes,0.5695,0.1434,0.2871,,0.0281
2013,Yes,Interface EMEAI carpet tile (The average square meter of carpet tile sold as Cool Carpet by our Interface business in EMEAI),"Interface, Inc.",USA,Consumer Durables & Apparel,"Textiles, Apparel & Luxury Goods","Home durables, textiles, & equipment",4.164,Estimated from external data based on product description,10.1,2.43,ISO,-21.00%,"A product mix with lower average face weight and energy efficiencies from plant consolidation, combined with a change in calculation methodology for End of Life impacts, resulted in a decrease in emissions per unit.",Product carbon efficiency changed,Yes,0.526,0.1324,0.34159999999999996,,0.13269999999999998
2015,Yes,Interface EMEA Carpet,"Interface, Inc.",USA,"Textiles, Apparel, Footwear and Luxury Goods",Not used for 2015 reporting,"Home durables, textiles, & equipment",4.164,Estimated from external data based on product description,10.98,2.64,ISO,8.80%,increase in raw material use,Product carbon efficiency changed,No,0.6648000000000001,0.02,0.3151,,0.1275
2013,Yes,Interface Thailand carpet tile (The average square meter of carpet tile sold as Cool Carpet by our Interface business in Southeast Asia),"Interface, Inc.",USA,Consumer Durables & Apparel,"Textiles, Apparel & Luxury Goods","Home durables, textiles, & equipment",4.164,Estimated from external data based on product description,14.99,3.6,ISO,-7.00%,"A product mix with higher average face weight, an increased use of Nylon 6, and increased energy use were offset by a change in calculation methodology for End of Life impacts resulting in a net decrease in emissions per unit.",Model/parameters AND product carbon efficiency changed,Yes,0.6006,0.1512,0.2482,,0.0213
2014,Yes,Interface Asia carpet,"Interface, Inc.",USA,Consumer Durables & Apparel,"Textiles, Apparel & Luxury Goods","Home durables, textiles, & equipment",4.164,Estimated from external data based on product description,14.09,3.38,ISO,-6.00%,Slightly higher yarn weight was offset by significantly higher recycled yarn content.,Product carbon efficiency changed,Yes,0.5794,0.1459,0.2747,,0.0206
2016,Yes,Interface Thailand Carpet,"Interface, Inc.",USA,Consumer Durables & Apparel,"Textiles, Apparel & Luxury Goods","Home durables, textiles, & equipment",4.164,Estimated from external data based on product description,11.3,2.71,ISO,-8.00%,N/a,No specific reason reported,Yes,0.5733,0.1444,0.2823,,0.0265
2013,Yes,Interface Australia carpet tile (The average square meter of carpet tile sold as Cool Carpet by our Interface business in Australia),"Interface, Inc.",USA,Consumer Durables & Apparel,"Textiles, Apparel & Luxury Goods","Home durables, textiles, & equipment",4.164,Estimated from external data based on product description,17.15,4.12,ISO,-6.00%,A product mix with higher average face weight and changes in import mix resulting from a fire at our manufacturing facility were offset by a change in calculation methodology for End of Life impacts resulting in a net decrease in emissions per unit.,Model/parameters AND product carbon efficiency changed,Yes,0.5613,0.1413,0.2974,,0.0169
2015,Yes,Interface Australia Carpet,"Interface, Inc.",USA,"Textiles, Apparel, Footwear and Luxury Goods",Not used for 2015 reporting,"Home durables, textiles, & equipment",4.164,Estimated from external data based on product description,15.93,3.83,ISO,(not reported by company),N/a,N/a (no %change reported),No,0.5367000000000001,0.15380000000000002,0.3095,,0.0207
2016,Yes,Interface Australia Carpet,"Interface, Inc.",USA,Consumer Durables & Apparel,"Textiles, Apparel & Luxury Goods","Home durables, textiles, & equipment",4.164,Estimated from external data based on product description,12.84,3.08,ISO,-14.00%,N/a,No specific reason reported,Yes,0.5002,0.126,0.3738,,0.0195
2014,Yes,Interface Europe carpet,"Interface, Inc.",USA,Consumer Durables & Apparel,"Textiles, Apparel & Luxury Goods","Home durables, textiles, & equipment",4.164,Estimated from external data based on product description,10.09,2.42,ISO,-0.10%,N/a,No specific reason reported,Yes,0.5236,0.1318,0.3446,,0.1366
2016,Yes,Interface Europe Carpet,"Interface, Inc.",USA,Consumer Durables & Apparel,"Textiles, Apparel & Luxury Goods","Home durables, textiles, & equipment",4.164,Estimated from external data based on product description,10.41,2.5,ISO,2.00%,Increase due to change in emission factor used,Model and/or parameters changed (but not product),Yes,0.4842,0.1219,0.39390000000000003,,0.11720000000000001
2015,Yes,Interface Asia Carpet,"Interface, Inc.",USA,"Textiles, Apparel, Footwear and Luxury Goods",Not used for 2015 reporting,"Home durables, textiles, & equipment",4.164,Estimated from external data based on product description,13.63,3.27,ISO,-3.20%,increased recycled yarn content,Product carbon efficiency changed,No,0.6507999999999999,0.0697,0.27949999999999997,,0.022000000000000002
2015,Yes,Interface Americas Carpet,"Interface, Inc.",USA,"Textiles, Apparel, Footwear and Luxury Goods",Not used for 2015 reporting,"Home durables, textiles, & equipment",4.164,Estimated from external data based on product description,12.89,3.1,ISO,2.40%,slight increase in raw material use,Product carbon efficiency changed,No,0.6456999999999999,0.04650000000000001,0.3078,,0.0233
2016,Yes,Interface Americas Carpet,"Interface, Inc.",USA,Consumer Durables & Apparel,"Textiles, Apparel & Luxury Goods","Home durables, textiles, & equipment",4.164,Estimated from external data based on product description,11.27,2.71,ISO,-3.00%,N/a,No specific reason reported,Yes,0.5314,0.1338,0.3348,,0.024
2015,Yes,Interface China Carpet,"Interface, Inc.",USA,"Textiles, Apparel, Footwear and Luxury Goods",Not used for 2015 reporting,"Home durables, textiles, & equipment",4.164,Estimated from external data based on product description,15.44,3.71,ISO,(not reported by company),N/a,N/a (no %change reported),No,0.6091,0.07769999999999999,0.31329999999999997,,0.0181
2016,Yes,Interface China Carpet,"Interface, Inc.",USA,Consumer Durables & Apparel,"Textiles, Apparel & Luxury Goods","Home durables, textiles, & equipment",4.164,Estimated from external data based on product description,15.42,3.7,ISO,9.00%,Increase due to change in disposal methodology used in modeling,Model and/or parameters changed (but not product),Yes,0.4349,0.10949999999999999,0.45549999999999996,,0.14859999999999998
2013,No,"Ethanol. In addition to its use as fuel (in vehicles), ethanol is an input to the food, chemical and cosmetic industries.",Raizen,Brazil,Energy,"Oil, Gas & Consumable Fuels",Chemicals,789.0,As per company's submission to CDP,750.0,0.95,GHGP,(not reported by company),N/a,N/a (no previous data available),N/a (product with insufficient stage-level data),,,,,
2013,Yes,Coke Zero 330 ml glass bottle,"Coca-Cola Enterprises, Inc.",USA,"Food, Beverage & Tobacco",Beverages,Food & Beverage,0.541,Estimated from external data based on product description,0.34,0.63,GHGP,(not reported by company),N/a,N/a (no %change reported),No,0.7395,0.0342,0.2263,0.043,
2013,Yes,Coke Zero 500ml PET,"Coca-Cola Enterprises, Inc.",USA,"Food, Beverage & Tobacco",Beverages,Food & Beverage,0.541,Estimated from external data based on product description,0.22,0.41,GHGP,(not reported by company),N/a,N/a (no %change reported),No,0.5209,0.1232,0.35590000000000005,0.0718,
2013,Yes,Coca-Cola 300ml can,"Coca-Cola Enterprises, Inc.",USA,"Food, Beverage & Tobacco",Beverages,Food & Beverage,0.3,As per company's submission to CDP,0.17,0.57,GHGP,(not reported by company),N/a,N/a (no %change reported),No,0.6976,0.07,0.2324,0.0571,
2013,Yes,Coke Zero- 2 litre plastic bottle,"Coca-Cola Enterprises, Inc.",USA,"Food, Beverage & Tobacco",Beverages,Food & Beverage,2.0,As per company's submission to CDP,0.4,0.2,GHGP,(not reported by company),N/a,N/a (no %change reported),No,0.502,0.21600000000000003,0.282,0.138,
2013,Yes,Oasis Summer Fruits  - 375ml glass,"Coca-Cola Enterprises, Inc.",USA,"Food, Beverage & Tobacco",Beverages,Food & Beverage,0.614,Estimated from external data based on product description,0.35,0.57,GHGP,(not reported by company),N/a,N/a (no %change reported),No,0.7251000000000001,0.0429,0.2321,0.048,
2013,Yes,Oasis Summer Fruits - 500ml plastic bottle,"Coca-Cola Enterprises, Inc.",USA,"Food, Beverage & Tobacco",Beverages,Food & Beverage,0.541,Estimated from external data based on product description,0.24,0.44,GHGP,(not reported by company),N/a,N/a (no %change reported),No,0.5684,0.1143,0.3173,0.06509999999999999,
2013,No,Coca-Cola 300ml glass bottle,"Coca-Cola Enterprises, Inc.",USA,"Food, Beverage & Tobacco",Beverages,Food & Beverage,0.492,Estimated from external data based on product description,0.36,0.73,GHGP,(not reported by company),N/a,N/a (no %change reported),N/a (product with insufficient stage-level data),,,,,
2013,Yes,Coca-Cola 500ml plastic bottle,"Coca-Cola Enterprises, Inc.",USA,"Food, Beverage & Tobacco",Beverages,Food & Beverage,0.541,Estimated from external data based on product description,0.24,0.44,GHGP,(not reported by company),N/a,N/a (no %change reported),No,0.5718,0.11019999999999999,0.318,0.0659,
2013,Yes,Coca-Cola 2 litre plastic bottle,"Coca-Cola Enterprises, Inc.",USA,"Food, Beverage & Tobacco",Beverages,Food & Beverage,2.0,As per company's submission to CDP,0.5,0.25,GHGP,(not reported by company),N/a,N/a (no %change reported),No,0.6096,0.17120000000000002,0.2192,0.1101,
2013,Yes,Diet Coke 300ml can,"Coca-Cola Enterprises, Inc.",USA,"Food, Beverage & Tobacco",Beverages,Food & Beverage,0.3,As per company's submission to CDP,0.15,0.5,GHGP,(not reported by company),N/a,N/a (no %change reported),No,0.6644,0.0766,0.259,0.061900000000000004,
2013,Yes,Diet Coke 330ml glass bottle,"Coca-Cola Enterprises, Inc.",USA,"Food, Beverage & Tobacco",Beverages,Food & Beverage,0.541,Estimated from external data based on product description,0.34,0.63,GHGP,(not reported by company),N/a,N/a (no %change reported),No,0.7338,0.035,0.23120000000000002,0.043899999999999995,
2013,Yes,Diet Coke 500 ml plastic bottle,"Coca-Cola Enterprises, Inc.",USA,"Food, Beverage & Tobacco",Beverages,Food & Beverage,0.541,Estimated from external data based on product description,0.22,0.41,GHGP,(not reported by company),N/a,N/a (no %change reported),No,0.5232,0.1222,0.3546,0.07200000000000001,
2013,Yes,Diet Coke - 2 Litre Plastic Bottle,"Coca-Cola Enterprises, Inc.",USA,"Food, Beverage & Tobacco",Beverages,Food & Beverage,2.0,As per company's submission to CDP,0.4,0.2,GHGP,(not reported by company),N/a,N/a (no %change reported),No,0.46399999999999997,0.2328,0.3032,0.1483,
2013,Yes,Coke Zero 300ml can,"Coca-Cola Enterprises, Inc.",USA,"Food, Beverage & Tobacco",Beverages,Food & Beverage,0.3,As per company's submission to CDP,0.15,0.5,GHGP,(not reported by company),N/a,N/a (no %change reported),No,0.5207,0.1233,0.35600000000000004,0.07200000000000001,
2013,Yes,Netbook (SKU: High efficient CPU.10.1-inch LED backlight),Compal Electronics,Taiwan,Technology Hardware & Equipment,Computers & Peripherals,"Computer, IT & telecom",2.0,Estimated from external data based on product description,156.95,78.48,PAS2050,5.00%,N/a,No specific reason reported,No,0.6059,0.0073,0.3868,0.0024,0.0127
2013,Yes,Notebook,Compal Electronics,Taiwan,Technology Hardware & Equipment,Computers & Peripherals,"Computer, IT & telecom",2.58,Estimated from external data based on product description,131.82,51.09,PAS2050,5.00%,N/a,No specific reason reported,No,0.3,0.02,0.68,0.14,0.04
2016,Yes,Natural Gas,CNX Resources,USA,Energy,"Oil, Gas & Consumable Fuels",Chemicals,0.00127018,Estimated from external data based on product description,0.063,49.6,GHGP,(not reported by company),N/a,N/a (no previous data available),Yes,0.056900000000000006,0.0302,0.9129,,
2015,No,Plastics,Trinseo LLC,USA,Chemicals,Not used for 2015 reporting,Chemicals,1.0,As per company's submission to CDP,0.18,0.18,Not reported,(not reported by company),N/a,N/a (no %change reported),N/a (product with insufficient stage-level data),,,,,
2016,No,Plastics,Trinseo LLC,USA,Materials,Chemicals,Chemicals,1000.0,As per company's submission to CDP,120.0,0.12,Not reported,-20.00%,N/a,No specific reason reported,N/a (product with insufficient stage-level data),,,,,
2015,No,Latex,Trinseo LLC,USA,Chemicals,Not used for 2015 reporting,Chemicals,1.0,As per company's submission to CDP,0.21,0.21,Not reported,(not reported by company),N/a,N/a (no %change reported),N/a (product with insufficient stage-level data),,,,,
2015,No,Rubber,Trinseo LLC,USA,Chemicals,Not used for 2015 reporting,Chemicals,1.0,As per company's submission to CDP,0.99,0.99,Not reported,(not reported by company),N/a,N/a (no %change reported),N/a (product with insufficient stage-level data),,,,,
2016,No,Rubber,Trinseo LLC,USA,Materials,Chemicals,Chemicals,1000.0,As per company's submission to CDP,1153.0,1.15,Not reported,-2.00%,N/a,No specific reason reported,N/a (product with insufficient stage-level data),,,,,
2016,No,Binders,Trinseo LLC,USA,Materials,Chemicals,Chemicals,1000.0,As per company's submission to CDP,210.0,0.21,Not reported,-43.00%,N/a,No specific reason reported,N/a (product with insufficient stage-level data),,,,,
2015,No,T300,Tennant Company,USA,Electrical Equipment and Machinery,Not used for 2015 reporting,Comm. equipm. & capital goods,181.0,Estimated from external data based on product description,655.0,3.62,Not reported,(not reported by company),N/a,N/a (no %change reported),N/a (product with insufficient stage-level data),,,,,
2016,Yes,T300,Tennant Company,USA,Capital Goods,Electrical Equipment,Comm. equipm. & capital goods,181.0,Estimated from external data based on product description,4468.7,24.69,Not reported,(not reported by company),N/a,N/a (no %change reported),Yes,0.17329999999999998,0.0373,0.7894,0.009000000000000001,
2016,Yes,Pesto alla Genovese sauce,Barilla Holding SpA,Italy,Food & Staples Retailing,Food & Staples Retailing,Food & Beverage,0.19,As per company's submission to CDP,0.546,2.87,ISO,(not reported by company),N/a,N/a (no previous data available),No,0.8449,0.1423,0.0128,0.0128,
2014,Yes,Pasta produced in United States,Barilla Holding SpA,Italy,Food & Staples Retailing,Food & Staples Retailing,Food & Beverage,1.0,As per company's submission to CDP,1.279,1.28,ISO,-25.00%,- Change in metodology (use of the new PCR 2010:01 version 2.0 2013-07-22) - Use of specific energy mix for USA - Use of specific data about packaging material,Model and/or parameters changed (but not product),No,0.5465,0.3753,0.0782,0.0782,
2015,Yes,Pasta produced in United States,Barilla Holding SpA,Italy,Food & Staples Retailing,Not used for 2015 reporting,Food & Beverage,1.0,As per company's submission to CDP,1.317,1.32,ISO,3.00%,The increase is mainly due to packaging production process because primary data are used instead of generic data.,Model and/or parameters changed (but not product),No,0.569,0.35509999999999997,0.0759,0.0759,
2014,Yes,Pasta produced in Italy (local consumption),Barilla Holding SpA,Italy,Food & Staples Retailing,Food & Staples Retailing,Food & Beverage,1.0,As per company's submission to CDP,0.947,0.95,ISO,-29.00%,- Change in metodology (use of the new PCR 2010:01 version 2.0 2013-07-22) - Use of specific energy mix for Italy - Use of specific data about packaging material,Model and/or parameters changed (but not product),No,0.6938,0.264,0.042199999999999994,0.042199999999999994,
2015,Yes,Pasta produced in Italy (local consumption),Barilla Holding SpA,Italy,Food & Staples Retailing,Not used for 2015 reporting,Food & Beverage,1.0,As per company's submission to CDP,0.848,0.85,ISO,-10.00%,The decrease is mainly due to raw material production because of the durum wheat yield increased respect to the previous data,Product carbon efficiency changed,No,0.6706,0.2857,0.0437,0.0437,
2014,Yes,Pasta produced in Italy (for export),Barilla Holding SpA,Italy,Food & Staples Retailing,Food & Staples Retailing,Food & Beverage,1.0,As per company's submission to CDP,1.027,1.03,ISO,-25.00%,- Change in metodology (use of the new PCR 2010:01 version 2.0 2013-07-22) - Use of specific energy mix for Italy - Use of specific data about packaging material,Model and/or parameters changed (but not product),No,0.6396999999999999,0.2434,0.1168,0.1168,
2015,Yes,Pasta produced in Italy (for export),Barilla Holding SpA,Italy,Food & Staples Retailing,Not used for 2015 reporting,Food & Beverage,1.0,As per company's submission to CDP,0.885,0.89,ISO,-14.00%,The decrease is mainly due to: - raw material production because of the durum wheat yield increased respect to the previous data - Transportation because specific data are used,Product carbon efficiency changed,No,0.6446999999999999,0.2747,0.0806,0.0806,
2014,Yes,Pasta produced in Greece,Barilla Holding SpA,Italy,Food & Staples Retailing,Food & Staples Retailing,Food & Beverage,1.0,As per company's submission to CDP,1.67,1.67,ISO,18.00%,- Change in metodology (use of the new PCR 2010:01 version 2.0 2013-07-22) - Use of specific energy mix for Greece - Use of specific data about packaging material,Model and/or parameters changed (but not product),No,0.6084,0.2515,0.1401,0.1401,
2015,Yes,Pasta produced in Greece,Barilla Holding SpA,Italy,Food & Staples Retailing,Not used for 2015 reporting,Food & Beverage,1.0,As per company's submission to CDP,1.701,1.7,ISO,2.00%,The increase is mainly due to electricity use in production process because the emission factor of the energy mix increases respect to the previous data.,Product carbon efficiency changed,No,0.5959,0.26649999999999996,0.1376,0.1376,
2014,Yes,Pasta produced in Turkey,Barilla Holding SpA,Italy,Food & Staples Retailing,Food & Staples Retailing,Food & Beverage,1.0,As per company's submission to CDP,0.926,0.93,ISO,-17.00%,- Change in metodology (use of the new PCR 2010:01 version 2.0 2013-07-22) - Use of specific energy mix for Turkey - Use of specific data about packaging material,Model and/or parameters changed (but not product),No,0.6803,0.2354,0.0842,0.0842,
2015,Yes,Pasta produced in Turkey,Barilla Holding SpA,Italy,Food & Staples Retailing,Not used for 2015 reporting,Food & Beverage,1.0,As per company's submission to CDP,0.936,0.94,ISO,1.00%,The increase is mainly due to raw material production because of the durum wheat yield decreases respect to the previous data,Product carbon efficiency changed,No,0.7497,0.1668,0.0834,0.0834,
2014,No,Crispn light 7 grains,Barilla Holding SpA,Italy,Food & Staples Retailing,Food & Staples Retailing,Food & Beverage,0.14,As per company's submission to CDP,0.181,1.29,ISO,(not reported by company),N/a,N/a (no %change reported),N/a (product with insufficient stage-level data),,,,,
2015,No,Crispn light 7 grains,Barilla Holding SpA,Italy,Food & Staples Retailing,Not used for 2015 reporting,Food & Beverage,0.14,As per company's submission to CDP,0.211,1.51,ISO,17.00%,All the phases considered in the study have a contribution on change: - Increase in cereals yield (positive contribution on climate change) - change in database for packaging production (negative contribution on climate change) - use of specific data for product transport (negative contribution on climate change),Model/parameters AND product carbon efficiency changed,N/a (product with insufficient stage-level data),,,,,
2014,No,Light rye,Barilla Holding SpA,Italy,Food & Staples Retailing,Food & Staples Retailing,Food & Beverage,0.27,As per company's submission to CDP,0.316,1.17,ISO,(not reported by company),N/a,N/a (no %change reported),N/a (product with insufficient stage-level data),,,,,
2015,No,Light rye,Barilla Holding SpA,Italy,Food & Staples Retailing,Not used for 2015 reporting,Food & Beverage,0.27,As per company's submission to CDP,0.365,1.35,ISO,16.00%,Major contribution to change is the use of specific data on product transport (use of specific data),Model and/or parameters changed (but not product),N/a (product with insufficient stage-level data),,,,,
2016,No,Light Rye,Barilla Holding SpA,Italy,Food & Staples Retailing,Food & Staples Retailing,Food & Beverage,0.27,As per company's submission to CDP,0.386,1.43,ISO,(not reported by company),N/a,N/a (no %change reported),N/a (product with insufficient stage-level data),,,,,
2014,No,Multi grain,Barilla Holding SpA,Italy,Food & Staples Retailing,Food & Staples Retailing,Food & Beverage,0.275,As per company's submission to CDP,0.323,1.17,ISO,(not reported by company),N/a,N/a (no %change reported),N/a (product with insufficient stage-level data),,,,,
2015,Yes,Multi grain,Barilla Holding SpA,Italy,Food & Staples Retailing,Not used for 2015 reporting,Food & Beverage,0.275,As per company's submission to CDP,1.236,4.49,ISO,5.00%,Major contribution to change is the use of specific data on product transport (use of specific data),Model and/or parameters changed (but not product),No,0.6561,0.161,0.18280000000000002,0.18280000000000002,
2016,No,Multi Grain,Barilla Holding SpA,Italy,Food & Staples Retailing,Food & Staples Retailing,Food & Beverage,0.275,As per company's submission to CDP,0.34,1.24,ISO,(not reported by company),N/a,N/a (no %change reported),N/a (product with insufficient stage-level data),,,,,
2016,No,Durum wheat semolina pasta in paperboard box (produced in United States),Barilla Holding SpA,Italy,Food & Staples Retailing,Food & Staples Retailing,Food & Beverage,1.0,As per company's submission to CDP,1.33,1.33,ISO,5.00%,The increase is mainly due to a variation in durum wheat yield.,Product carbon efficiency changed,N/a (product with insufficient stage-level data),,,,,
2013,Yes,5 oz can whitemeat tuna,Bumble Bee Foods LLC,USA,"Food, Beverage & Tobacco",Food Products,Food & Beverage,0.179,Estimated from external data based on product description,0.68,3.8,Not reported,(not reported by company),N/a,N/a (no %change reported),No,0.8088,0.1471,0.0441,0.0441,
2013,Yes,5 oz can lightmeat tuna,Bumble Bee Foods LLC,USA,"Food, Beverage & Tobacco",Food Products,Food & Beverage,0.179,Estimated from external data based on product description,0.39,2.18,Not reported,(not reported by company),N/a,N/a (no %change reported),No,0.8462000000000001,0.0513,0.1026,0.1026,
2013,No,This is the average footprint of the 31 products we provided Walmart in 2012. The unit is in kg CO2e/tonne of product.,Stonyfield Farm Inc,USA,"Food, Beverage & Tobacco",Food Products,Food & Beverage,1000.0,As per company's submission to CDP,1361.0,1.36,PAS2050,(not reported by company),N/a,N/a (no %change reported),N/a (product with insufficient stage-level data),,,,,
2014,No,Average SKU,Stonyfield Farm Inc,USA,"Food, Beverage & Tobacco",Food Products,Food & Beverage,1000.0,As per company's submission to CDP,1360.0,1.36,PAS2050,(not reported by company),N/a,N/a (no %change reported),N/a (product with insufficient stage-level data),,,,,
2014,No,Finished cold rolled coil,Tata Steel Europe,United Kingdom,Materials,Metals & Mining,Construction & commercial materials,1.0,As per company's submission to CDP,1.1,1.1,ISO,(not reported by company),N/a,N/a (no %change reported),N/a (product with insufficient stage-level data),,,,,
2014,No,Hot Dip Galvanised Coil,Tata Steel Europe,United Kingdom,Materials,Metals & Mining,Construction & commercial materials,1.0,As per company's submission to CDP,1.2,1.2,ISO,(not reported by company),N/a,N/a (no %change reported),N/a (product with insufficient stage-level data),,,,,
2014,No,Hot rolled coil,Tata Steel Europe,United Kingdom,Materials,Metals & Mining,Construction & commercial materials,1.0,As per company's submission to CDP,1.05,1.05,ISO,(not reported by company),N/a,N/a (no %change reported),N/a (product with insufficient stage-level data),,,,,
2017,No,HON-DASHI(R),Ajinomoto Co.Inc.,Japan,"Food, Beverage & Tobacco",Beverages,Food & Beverage,0.12,As per company's submission to CDP,1.69,14.08,ISO,(not reported by company),N/a,N/a (no %change reported),N/a (product with insufficient stage-level data),,,,,
2017,No,Knorr(R) Cup Soup Tsubu Tappuri Corn Cream,Ajinomoto Co.Inc.,Japan,"Food, Beverage & Tobacco",Beverages,Food & Beverage,0.0465,As per company's submission to CDP,0.33,7.1,ISO,(not reported by company),N/a,N/a (no %change reported),N/a (product with insufficient stage-level data),,,,,
2015,Yes,L-Lysine Monohydrochloride(For Feed),Ajinomoto Co.Inc.,Japan,Food & Beverage Processing,Not used for 2015 reporting,Food & Beverage,25.0,As per company's submission to CDP,130.0,5.2,CFP Japan,(not reported by company),N/a,N/a (no %change reported),No,0.33409999999999995,0.6364,0.0294,0.0294,
2017,Yes,L-Lysine Monohydrochloride(For Feed),Ajinomoto Co.Inc.,Japan,"Food, Beverage & Tobacco",Beverages,Food & Beverage,25.0,As per company's submission to CDP,130.0,5.2,ISO,(not reported by company),N/a,N/a (no %change reported),No,0.33409999999999995,0.6364,0.0294,0.0294,
2017,Yes,L-Arginine,Ajinomoto Co.Inc.,Japan,"Food, Beverage & Tobacco",Beverages,Food & Beverage,20.0,As per company's submission to CDP,301.0,15.05,ISO,(not reported by company),N/a,N/a (no %change reported),No,0.39909999999999995,0.5954,0.0055000000000000005,0.0055000000000000005,
2017,No,Lemon and Basil Fried Chicken,Ajinomoto Co.Inc.,Japan,"Food, Beverage & Tobacco",Beverages,Food & Beverage,0.126,As per company's submission to CDP,0.74,5.87,ISO,(not reported by company),N/a,N/a (no %change reported),N/a (product with insufficient stage-level data),,,,,
2017,Yes,L-Glutamine,Ajinomoto Co.Inc.,Japan,"Food, Beverage & Tobacco",Beverages,Food & Beverage,25.0,As per company's submission to CDP,319.0,12.76,ISO,(not reported by company),N/a,N/a (no %change reported),No,0.36950000000000005,0.6043999999999999,0.026099999999999998,0.026099999999999998,
2017,Yes,L-Isoleucine,Ajinomoto Co.Inc.,Japan,"Food, Beverage & Tobacco",Beverages,Food & Beverage,20.0,As per company's submission to CDP,433.0,21.65,ISO,(not reported by company),N/a,N/a (no %change reported),No,0.2791,0.7059000000000001,0.0149,0.0149,
2017,Yes,L-leucine,Ajinomoto Co.Inc.,Japan,"Food, Beverage & Tobacco",Beverages,Food & Beverage,20.0,As per company's submission to CDP,585.0,29.25,ISO,(not reported by company),N/a,N/a (no %change reported),No,0.1845,0.8045,0.0111,0.0111,
2017,Yes,L-Valine,Ajinomoto Co.Inc.,Japan,"Food, Beverage & Tobacco",Beverages,Food & Beverage,20.0,As per company's submission to CDP,393.0,19.65,ISO,(not reported by company),N/a,N/a (no %change reported),No,0.20190000000000002,0.7816,0.0165,0.0165,
2017,No,Masako Ayam,Ajinomoto Co.Inc.,Japan,"Food, Beverage & Tobacco",Beverages,Food & Beverage,0.011,As per company's submission to CDP,0.03,2.73,ISO,(not reported by company),N/a,N/a (no previous data available),N/a (product with insufficient stage-level data),,,,,
2017,No,Mentsuyu,Ajinomoto Co.Inc.,Japan,"Food, Beverage & Tobacco",Beverages,Food & Beverage,0.4,As per company's submission to CDP,1.01,2.53,ISO,(not reported by company),N/a,N/a (no previous data available),N/a (product with insufficient stage-level data),,,,,
2017,Yes,Monosodium L-Glutamate,Ajinomoto Co.Inc.,Japan,"Food, Beverage & Tobacco",Beverages,Food & Beverage,20.0,As per company's submission to CDP,58.0,2.9,ISO,(not reported by company),N/a,N/a (no %change reported),No,0.439,0.5347999999999999,0.026099999999999998,0.026099999999999998,
2017,No,Nabe Cube(R) Toridashi Umashio,Ajinomoto Co.Inc.,Japan,"Food, Beverage & Tobacco",Beverages,Food & Beverage,0.058,As per company's submission to CDP,0.5,8.62,ISO,(not reported by company),N/a,N/a (no %change reported),N/a (product with insufficient stage-level data),,,,,
2017,No,AGF Blendy Stick Cafe au Lait,Ajinomoto Co.Inc.,Japan,"Food, Beverage & Tobacco",Beverages,Food & Beverage,0.12,As per company's submission to CDP,0.58,0.21,ISO,(not reported by company),N/a,N/a (no %change reported),N/a (product with insufficient stage-level data),,,,,
2017,No,Rosdee Pork,Ajinomoto Co.Inc.,Japan,"Food, Beverage & Tobacco",Beverages,Food & Beverage,0.075,As per company's submission to CDP,0.24,3.2,ISO,(not reported by company),N/a,N/a (no previous data available),N/a (product with insufficient stage-level data),,,,,
2017,No,Aji-ngon Pork,Ajinomoto Co.Inc.,Japan,"Food, Beverage & Tobacco",Beverages,Food & Beverage,0.4,As per company's submission to CDP,1.07,0.37,ISO,(not reported by company),N/a,N/a (no previous data available),N/a (product with insufficient stage-level data),,,,,
2017,No,Ajinomoto KK Consomme(Granules),Ajinomoto Co.Inc.,Japan,"Food, Beverage & Tobacco",Beverages,Food & Beverage,0.085,As per company's submission to CDP,0.58,6.82,ISO,(not reported by company),N/a,N/a (no %change reported),N/a (product with insufficient stage-level data),,,,,
2017,No,Ajinomoto KK Shirogayu 250g,Ajinomoto Co.Inc.,Japan,"Food, Beverage & Tobacco",Beverages,Food & Beverage,0.25,As per company's submission to CDP,0.2,0.8,ISO,(not reported by company),N/a,N/a (no %change reported),N/a (product with insufficient stage-level data),,,,,
2017,No,Aspartame,Ajinomoto Co.Inc.,Japan,"Food, Beverage & Tobacco",Beverages,Food & Beverage,25.0,As per company's submission to CDP,780.0,31.2,ISO,(not reported by company),N/a,N/a (no %change reported),N/a (product with insufficient stage-level data),,,,,
2017,No,Cook Do(R) Hoikoro,Ajinomoto Co.Inc.,Japan,"Food, Beverage & Tobacco",Beverages,Food & Beverage,0.09,As per company's submission to CDP,0.27,3.0,ISO,(not reported by company),N/a,N/a (no %change reported),N/a (product with insufficient stage-level data),,,,,
2017,No,Cook Do(R) kyo-no Ozara Butabara Daikon,Ajinomoto Co.Inc.,Japan,"Food, Beverage & Tobacco",Beverages,Food & Beverage,0.1,As per company's submission to CDP,0.23,2.3,ISO,(not reported by company),N/a,N/a (no %change reported),N/a (product with insufficient stage-level data),,,,,
2017,Yes,Di-sodium 5'-Inosinate,Ajinomoto Co.Inc.,Japan,"Food, Beverage & Tobacco",Beverages,Food & Beverage,12.0,As per company's submission to CDP,155.0,12.92,ISO,(not reported by company),N/a,N/a (no %change reported),No,0.42810000000000004,0.5661,0.0058,0.0058,
2016,No,Diced tomato,Agraz,Spain,"Food, Beverage & Tobacco",Food Products,Food & Beverage,220.0,Estimated from external data based on product description,155.71,0.71,GHGP,-3.63%,N/a,No specific reason reported,N/a (product with insufficient stage-level data),,,,,
2016,No,Tomato fibre,Agraz,Spain,"Food, Beverage & Tobacco",Food Products,Food & Beverage,25.0,Estimated from external data based on product description,12.52,0.5,GHGP,(not reported by company),N/a,N/a (no previous data available),N/a (product with insufficient stage-level data),,,,,
2016,No,Tomato paste,Agraz,Spain,"Food, Beverage & Tobacco",Food Products,Food & Beverage,238.0,Estimated from external data based on product description,155.78,0.65,GHGP,-3.63%,N/a,No specific reason reported,N/a (product with insufficient stage-level data),,,,,
2016,No,Tomato powder,Agraz,Spain,"Food, Beverage & Tobacco",Food Products,Food & Beverage,25.0,Estimated from external data based on product description,16.22,0.65,GHGP,-3.63%,N/a,No specific reason reported,N/a (product with insufficient stage-level data),,,,,
2014,No,Peppermint tea infusion,Martin Bauer GmbH,Germany,"Food, Beverage & Tobacco",Food Products,Food & Beverage,0.002,As per company's submission to CDP,0.02041,10.21,Not reported,(not reported by company),N/a,N/a (no %change reported),N/a (product with insufficient stage-level data),,,,,
2015,No,Peppermint tea infusion,Martin Bauer GmbH,Germany,"Food, Beverage & Tobacco",Food Products,Food & Beverage,0.002,As per company's submission to CDP,0.02041,10.21,Not reported,(not reported by company),N/a,N/a (no %change reported),N/a (product with insufficient stage-level data),,,,,
2015,No,PET preforms,Mpact Limited,South Africa,Containers & Packaging,Not used for 2015 reporting,Packaging for consumer goods,1000.0,As per company's submission to CDP,871.0,0.87,Not reported,(not reported by company),N/a,N/a (no %change reported),N/a (product with insufficient stage-level data),,,,,
2013,No,Cable of LMR-195-LLPL,Times Microwave Systems,USA,Capital Goods,Electrical Equipment,Comm. equipm. & capital goods,0.03,Estimated from external data based on product description,0.0295,0.98,Not reported,(not reported by company),N/a,N/a (no previous data available),N/a (product with insufficient stage-level data),,,,,
2014,No,Cable,Times Microwave Systems,USA,Capital Goods,Electrical Equipment,Comm. equipm. & capital goods,0.03,Estimated from external data based on product description,0.0255,0.85,EICC Tool,10.00%,Delivered quantity was increased 30% in Year 2013 .,Product carbon efficiency changed,N/a (product with insufficient stage-level data),,,,,
2015,No,Cable,Times Microwave Systems,USA,Electrical Equipment and Machinery,Not used for 2015 reporting,Comm. equipm. & capital goods,0.03,Estimated from external data based on product description,0.023,0.77,EICC Tool,10.00%,Delivered cable quantity was increased 15% in Y2014.,Product carbon efficiency changed,N/a (product with insufficient stage-level data),,,,,
2016,No,Float Table Top & Base,Humanscale Corporation,USA,Commercial & Professional Services,Commercial Services & Supplies,"Home durables, textiles, & equipment",59.02,Estimated from external data based on product description,39.5,0.67,ISO,(not reported by company),N/a,N/a (no %change reported),N/a (product with insufficient stage-level data),,,,,
2016,No,Smart Chair,Humanscale Corporation,USA,Commercial & Professional Services,Commercial Services & Supplies,"Home durables, textiles, & equipment",16.78,Estimated from external data based on product description,34.0,2.03,ISO,(not reported by company),N/a,N/a (no %change reported),N/a (product with insufficient stage-level data),,,,,
2013,Yes,Residential Air Conditioner,"Daikin Industries, Ltd.",Japan,Capital Goods,Electrical Equipment,Comm. equipm. & capital goods,17.46331,Estimated from external data based on product description,3653.0,209.18,ISO,-1.50%,"To mitigate the environmental impact from refrigerants, Daikin adopted in its air conditioners a lower global warming refrigerant HFC32. It can help curtail greenhouse gas emissions originating from energy sources when equipment is in use by its better energy efficiency compared to the conventional refrigerant HFC410A.",Product carbon efficiency changed,No,0.0378,0.0063,0.9559000000000001,0.0019,0.0014000000000000002
2014,Yes,Residential Air Conditioner,"Daikin Industries, Ltd.",Japan,Capital Goods,Building Products,Comm. equipm. & capital goods,17.46331,Estimated from external data based on product description,3505.0,200.71,ISO,-4.00%,"To mitigate the environmental impact from refrigerants, Daikin adopted in its air conditioners a lower global warming refrigerant HFC32. It can help curtail greenhouse gas emissions originating from energy sources when equipment is in use by its better energy efficiency compared to the conventional refrigerant HFC410A.",Product carbon efficiency changed,No,0.0394,0.0066,0.9541,0.002,0.0014000000000000002
2015,Yes,Residential Air Conditioner,"Daikin Industries, Ltd.",Japan,Capital Goods,Electrical Equipment,Comm. equipm. & capital goods,17.46331,Estimated from external data based on product description,3505.0,200.71,ISO,(not reported by company),N/a,N/a (no %change reported),No,0.0394,0.0066,0.9541,0.002,0.0014000000000000002
2017,Yes,Residential Air Conditioner,"Daikin Industries, Ltd.",Japan,Capital Goods,Building Products,Comm. equipm. & capital goods,17.46331,Estimated from external data based on product description,4218.0,241.53,ISO,(not reported by company),N/a,N/a (no %change reported),No,0.039599999999999996,0.0055000000000000005,0.955,0.0017000000000000001,0.0882
2017,Yes,Commercial Air Conditioner,"Daikin Industries, Ltd.",Japan,Capital Goods,Building Products,Comm. equipm. & capital goods,149.685,Estimated from external data based on product description,51066.0,341.16,ISO,(not reported by company),N/a,N/a (no %change reported),No,0.0098,0.0013,0.9887999999999999,0.0005,0.3068
2017,Yes,Light commercial Air Conditioner,"Daikin Industries, Ltd.",Japan,Capital Goods,Building Products,Comm. equipm. & capital goods,128.367,Estimated from external data based on product description,39653.0,308.9,ISO,(not reported by company),N/a,N/a (no %change reported),No,0.006999999999999999,0.001,0.9921,0.0004,0.1467
2015,No,Mercedes-Benz CLS-Class,Daimler AG,Germany,Automobiles & Components,Not used for 2015 reporting,Automobiles & components,1790.0,Estimated from external data based on product description,57100.0,31.9,ISO,(not reported by company),N/a,N/a (no %change reported),N/a (product with insufficient stage-level data),,,,,
2015,No,Mercedes-Benz E-Class BlueTEC Hybrid,Daimler AG,Germany,Automobiles & Components,Not used for 2015 reporting,Automobiles & components,1735.0,Estimated from external data based on product description,40600.0,23.4,ISO,(not reported by company),N/a,N/a (no %change reported),N/a (product with insufficient stage-level data),,,,,
2015,No,Mercedes-Benz A-Class,Daimler AG,Germany,Automobiles & Components,Not used for 2015 reporting,Automobiles & components,1425.0,Estimated from external data based on product description,30500.0,21.4,ISO,(not reported by company),N/a,N/a (no %change reported),N/a (product with insufficient stage-level data),,,,,
2015,No,Mercedes-Benz GLA-Class,Daimler AG,Germany,Automobiles & Components,Not used for 2015 reporting,Automobiles & components,1535.0,Estimated from external data based on product description,31500.0,20.52,ISO,(not reported by company),N/a,N/a (no %change reported),N/a (product with insufficient stage-level data),,,,,
2015,No,Mercedes-Benz GLK-Class,Daimler AG,Germany,Automobiles & Components,Not used for 2015 reporting,Automobiles & components,1850.0,Estimated from external data based on product description,48800.0,26.38,ISO,(not reported by company),N/a,N/a (no %change reported),N/a (product with insufficient stage-level data),,,,,
2015,No,Mercedes-Benz SL-Class,Daimler AG,Germany,Automobiles & Components,Not used for 2015 reporting,Automobiles & components,1730.0,Estimated from external data based on product description,69000.0,39.88,ISO,(not reported by company),N/a,N/a (no %change reported),N/a (product with insufficient stage-level data),,,,,
2016,No,Mercedes-Benz A-Class (A 180 BlueEFFICIENCY),Daimler AG,Germany,Automobiles & Components,Auto Components,Automobiles & components,1200.0,Estimated from external data based on product description,32000.0,26.67,ISO,(not reported by company),N/a,N/a (no %change reported),N/a (product with insufficient stage-level data),,,,,
2016,No,Mercedes-Benz B-Class (B 180 BlueEFFICIENCY),Daimler AG,Germany,Automobiles & Components,Auto Components,Automobiles & components,1200.0,Estimated from external data based on product description,34000.0,28.33,ISO,(not reported by company),N/a,N/a (no %change reported),N/a (product with insufficient stage-level data),,,,,
2016,No,Mercedes-Benz B-Class Electric Drive (B 250 e),Daimler AG,Germany,Automobiles & Components,Auto Components,Automobiles & components,1650.0,Estimated from external data based on product description,12000.0,7.27,ISO,(not reported by company),N/a,N/a (no %change reported),N/a (product with insufficient stage-level data),,,,,
2016,No,Mercedes-Benz C-Class (C 180),Daimler AG,Germany,Automobiles & Components,Auto Components,Automobiles & components,1400.0,Estimated from external data based on product description,36000.0,25.71,ISO,(not reported by company),N/a,N/a (no %change reported),N/a (product with insufficient stage-level data),,,,,
2016,No,Mercedes-Benz C-Class (C 250),Daimler AG,Germany,Automobiles & Components,Auto Components,Automobiles & components,1800.0,Estimated from external data based on product description,39000.0,21.67,ISO,(not reported by company),N/a,N/a (no %change reported),N/a (product with insufficient stage-level data),,,,,
2016,No,Mercedes-Benz C-Class Plug-In Hybrid (C 350 e),Daimler AG,Germany,Automobiles & Components,Auto Components,Automobiles & components,1925.0,Estimated from external data based on product description,24000.0,12.47,ISO,(not reported by company),N/a,N/a (no %change reported),N/a (product with insufficient stage-level data),,,,,
2016,No,Mercedes-Benz CLA (CLA 180),Daimler AG,Germany,Automobiles & Components,Auto Components,Automobiles & components,1200.0,Estimated from external data based on product description,31000.0,25.83,ISO,(not reported by company),N/a,N/a (no %change reported),N/a (product with insufficient stage-level data),,,,,
2015,No,Mercedes-Benz B-Class,Daimler AG,Germany,Automobiles & Components,Not used for 2015 reporting,Automobiles & components,1425.0,Estimated from external data based on product description,32500.0,22.81,ISO,(not reported by company),N/a,N/a (no %change reported),N/a (product with insufficient stage-level data),,,,,
2016,No,Mercedes-Benz CLS (350 BlueEFFICIENCY),Daimler AG,Germany,Automobiles & Components,Auto Components,Automobiles & components,2220.0,Estimated from external data based on product description,60000.0,27.03,ISO,(not reported by company),N/a,N/a (no %change reported),N/a (product with insufficient stage-level data),,,,,
2016,No,Mercedes-Benz E-Class (E 200),Daimler AG,Germany,Automobiles & Components,Auto Components,Automobiles & components,1500.0,Estimated from external data based on product description,50000.0,33.33,ISO,(not reported by company),N/a,N/a (no %change reported),N/a (product with insufficient stage-level data),,,,,
2016,No,Mercedes-Benz E-Class (E 220 d (Estate)),Daimler AG,Germany,Automobiles & Components,Auto Components,Automobiles & components,2320.0,Estimated from external data based on product description,41000.0,17.67,ISO,(not reported by company),N/a,N/a (no %change reported),N/a (product with insufficient stage-level data),,,,,
2016,Yes,Mercedes-Benz E-Class (E 220 d),Daimler AG,Germany,Automobiles & Components,Auto Components,Automobiles & components,2100.0,Estimated from external data based on product description,38000.0,18.1,ISO,(not reported by company),N/a,N/a (no %change reported),Yes,0.18460000000000001,0.056900000000000006,0.7585,,0.0105
2016,Yes,Mercedes-Benz E-Class Plug-In Hybrid (E 350 e),Daimler AG,Germany,Automobiles & Components,Auto Components,Automobiles & components,1925.0,Estimated from external data based on product description,26000.0,13.51,ISO,(not reported by company),N/a,N/a (no %change reported),Yes,0.3144,0.09699999999999999,0.5887,,0.0151
2016,No,Mercedes-Benz GLA (GLA 200),Daimler AG,Germany,Automobiles & Components,Auto Components,Automobiles & components,1400.0,Estimated from external data based on product description,33000.0,23.57,ISO,(not reported by company),N/a,N/a (no %change reported),N/a (product with insufficient stage-level data),,,,,
2016,No,Mercedes-Benz GLC (220 d 4MATIC),Daimler AG,Germany,Automobiles & Components,Auto Components,Automobiles & components,2500.0,Estimated from external data based on product description,39000.0,15.6,ISO,(not reported by company),N/a,N/a (no %change reported),N/a (product with insufficient stage-level data),,,,,
2016,No,Mercedes-Benz GLC Plug-In Hybrid (GLC 350 e 4MATIC),Daimler AG,Germany,Automobiles & Components,Auto Components,Automobiles & components,2000.0,Estimated from external data based on product description,27000.0,13.5,ISO,(not reported by company),N/a,N/a (no %change reported),N/a (product with insufficient stage-level data),,,,,
2016,No,Mercedes-Benz GLE (GLE 500 4MATIC),Daimler AG,Germany,Automobiles & Components,Auto Components,Automobiles & components,3500.0,Estimated from external data based on product description,91000.0,26.0,ISO,(not reported by company),N/a,N/a (no %change reported),N/a (product with insufficient stage-level data),,,,,
2016,No,Mercedes-Benz GLE Plug-In Hybrid - GLE 500 e 4MATIC,Daimler AG,Germany,Automobiles & Components,Auto Components,Automobiles & components,3500.0,Estimated from external data based on product description,39000.0,11.14,ISO,(not reported by company),N/a,N/a (no %change reported),N/a (product with insufficient stage-level data),,,,,
2015,No,Mercedes-Benz C-Class,Daimler AG,Germany,Automobiles & Components,Not used for 2015 reporting,Automobiles & components,1505.0,Estimated from external data based on product description,50500.0,33.55,ISO,(not reported by company),N/a,N/a (no %change reported),N/a (product with insufficient stage-level data),,,,,
2016,No,Mercedes-Benz S-Class (S 500),Daimler AG,Germany,Automobiles & Components,Auto Components,Automobiles & components,2050.0,Estimated from external data based on product description,85000.0,41.46,ISO,(not reported by company),N/a,N/a (no %change reported),N/a (product with insufficient stage-level data),,,,,
2016,No,Mercedes-Benz S-Class Hybrid (S 300 BlueTEC HYBRID),Daimler AG,Germany,Automobiles & Components,Auto Components,Automobiles & components,2715.0,Estimated from external data based on product description,51000.0,18.78,ISO,(not reported by company),N/a,N/a (no %change reported),N/a (product with insufficient stage-level data),,,,,
2016,No,Mercedes-Benz S-Class Hybrid (S 400 h),Daimler AG,Germany,Automobiles & Components,Auto Components,Automobiles & components,2595.0,Estimated from external data based on product description,66000.0,25.43,ISO,(not reported by company),N/a,N/a (no %change reported),N/a (product with insufficient stage-level data),,,,,
2016,No,Mercedes-Benz S-Class Plug-In Hybrid (S 500 e),Daimler AG,Germany,Automobiles & Components,Auto Components,Automobiles & components,2585.0,Estimated from external data based on product description,38000.0,14.7,ISO,(not reported by company),N/a,N/a (no %change reported),N/a (product with insufficient stage-level data),,,,,
2016,No,Mercedes-Benz SL (SL 350),Daimler AG,Germany,Automobiles & Components,Auto Components,Automobiles & components,2065.0,Estimated from external data based on product description,72000.0,34.87,ISO,(not reported by company),N/a,N/a (no %change reported),N/a (product with insufficient stage-level data),,,,,
2016,No,Mercedes-Benz SLC (SLK 200 BlueEFFICIENCY),Daimler AG,Germany,Automobiles & Components,Auto Components,Automobiles & components,2015.0,Estimated from external data based on product description,45000.0,22.33,ISO,(not reported by company),N/a,N/a (no %change reported),N/a (product with insufficient stage-level data),,,,,
2015,No,Mercedes-Benz C-Class e,Daimler AG,Germany,Automobiles & Components,Not used for 2015 reporting,Automobiles & components,1580.0,Estimated from external data based on product description,27400.0,17.34,ISO,(not reported by company),N/a,N/a (no %change reported),N/a (product with insufficient stage-level data),,,,,
2015,No,Mercedes-Benz E-Class Saloon,Daimler AG,Germany,Automobiles & Components,Not used for 2015 reporting,Automobiles & components,1680.0,Estimated from external data based on product description,47200.0,28.1,ISO,(not reported by company),N/a,N/a (no %change reported),N/a (product with insufficient stage-level data),,,,,
2015,No,Mercedes-Benz M-Class - Passenger Car,Daimler AG,Germany,Automobiles & Components,Not used for 2015 reporting,Automobiles & components,2110.0,Estimated from external data based on product description,43600.0,20.66,Not reported,(not reported by company),N/a,N/a (no %change reported),N/a (product with insufficient stage-level data),,,,,
2015,No,Mercedes-Benz S-Class,Daimler AG,Germany,Automobiles & Components,Not used for 2015 reporting,Automobiles & components,2015.0,Estimated from external data based on product description,54000.0,26.8,ISO,(not reported by company),N/a,N/a (no %change reported),N/a (product with insufficient stage-level data),,,,,
2015,No,Mercedes-Benz B-Class electric drive,Daimler AG,Germany,Automobiles & Components,Not used for 2015 reporting,Automobiles & components,1725.0,Estimated from external data based on product description,22600.0,13.1,ISO,(not reported by company),N/a,N/a (no %change reported),N/a (product with insufficient stage-level data),,,,,
2015,No,Mercedes-Benz CLA-Class,Daimler AG,Germany,Automobiles & Components,Not used for 2015 reporting,Automobiles & components,1490.0,Estimated from external data based on product description,30000.0,20.13,ISO,(not reported by company),N/a,N/a (no %change reported),N/a (product with insufficient stage-level data),,,,,
2013,Yes,Set yoghourt,Danone,France,"Food, Beverage & Tobacco",Food Products,Food & Beverage,1.0,As per company's submission to CDP,1.531,1.53,PAS2050,(not reported by company),N/a,N/a (no %change reported),No,0.6518999999999999,0.113,0.2351,0.0999,0.0235
2013,Yes,Drink yoghourt,Danone,France,"Food, Beverage & Tobacco",Food Products,Food & Beverage,1.0,As per company's submission to CDP,1.297,1.3,PAS2050,(not reported by company),N/a,N/a (no %change reported),No,0.6345000000000001,0.091,0.27449999999999997,0.12029999999999999,0.08710000000000001
2013,Yes,Plain Water (SKU: Bonafont 1L film bottle),Danone,France,"Food, Beverage & Tobacco",Food Products,Food & Beverage,1.0,Estimated from external data based on product description,0.174,0.17,PAS2050,(not reported by company),N/a,N/a (no %change reported),No,0.3563,0.1724,0.47130000000000005,0.29309999999999997,0.0
2015,Yes,BONAFONT NATURAL 6000 ML X2 FILM 84 (6L RPET Bottle)_54742,Danone,France,Food & Beverage Processing,Not used for 2015 reporting,Food & Beverage,1.0,Estimated from external data based on product description,0.145,0.15,PAS2050,-4.00%,figures are provided in Kg CO2/Kg of product. The reduction of carbon emission for this sku is resulteb by achivement of action plans on downstream logistics by optimization of truck filling and on energy consumption by reducing thermal and electricity on factories.,Product carbon efficiency changed,No,0.3624,0.1978,0.43979999999999997,0.1508,0.0775
2015,Yes,DANONE MPCK STRAWBERRY 1960G (8X245G)_87121,Danone,France,Food & Beverage Processing,Not used for 2015 reporting,Food & Beverage,1.0,As per company's submission to CDP,2.279,2.28,Not reported,(not reported by company),N/a,N/a (no previous data available),No,0.7826000000000001,0.0548,0.16260000000000002,0.13570000000000002,0.0239
2015,Yes,SILHOUETTE ST/PE/RA/BL 100GX16_14967,Danone,France,Food & Beverage Processing,Not used for 2015 reporting,Food & Beverage,1.0,As per company's submission to CDP,1.26,1.26,Not reported,(not reported by company),N/a,N/a (no previous data available),No,0.7878000000000001,0.049100000000000005,0.1631,0.051,0.0629
2015,Yes,Activia STR/PCH/BLU 24X4OZ CLUB_67740,Danone,France,Food & Beverage Processing,Not used for 2015 reporting,Food & Beverage,1.0,As per company's submission to CDP,2.253,2.25,Not reported,(not reported by company),N/a,N/a (no previous data available),No,0.7478,0.0731,0.1791,0.0724,0.049400000000000006
2016,No,Argon,Air Liquide,France,Materials,Chemicals,Chemicals,1.785714286,As per company's submission to CDP,0.567,0.32,Not reported,-6.90%,performance improvement of ASU and liquid transport,Product carbon efficiency changed,N/a (product with insufficient stage-level data),,,,,
2016,No,Nitrogen,Air Liquide,France,Materials,Chemicals,Chemicals,1.25,As per company's submission to CDP,0.501,0.4,Not reported,-1.18%,Decrease of Ratio m3 / km in transport,Product carbon efficiency changed,N/a (product with insufficient stage-level data),,,,,
2014,No,Keyboards,Darfon Electronics Corp,Taiwan,Technology Hardware & Equipment,Computers & Peripherals,"Computer, IT & telecom",0.445,Estimated from external data based on product description,10.41,23.39,PAS2050,(not reported by company),N/a,N/a (no previous data available),N/a (product with insufficient stage-level data),,,,,
2015,No,Keyboard,Darfon Electronics Corp,Taiwan,Technology Hardware & Equipment,Not used for 2015 reporting,"Computer, IT & telecom",0.158,Estimated from external data based on product description,0.89,5.63,PAS2050,5.00%,Different LCA plan CDP data may not able to be compared.,Model and/or parameters changed (but not product),N/a (product with insufficient stage-level data),,,,,
2016,Yes,DC fan,Delta Electronics,Taiwan,Technology Hardware & Equipment,"Electronic Equipment, Instruments & Components","Computer, IT & telecom",0.26,Estimated from external data based on product description,1.86,7.15,PAS2050,(not reported by company),N/a,N/a (no %change reported),No,0.8409,0.1591,0.0,,
2016,Yes,External power supply/ portable adaptor,Delta Electronics,Taiwan,Technology Hardware & Equipment,"Electronic Equipment, Instruments & Components","Computer, IT & telecom",0.363,Estimated from external data based on product description,7.9,21.76,PAS2050,(not reported by company),N/a,N/a (no %change reported),No,0.9684,0.0316,0.0,,
2016,Yes,PV Inverter,Delta Electronics,Taiwan,Technology Hardware & Equipment,"Electronic Equipment, Instruments & Components","Computer, IT & telecom",81.918782,Estimated from external data based on product description,686.42,8.38,PAS2050,(not reported by company),N/a,N/a (no %change reported),No,0.9514,0.048600000000000004,0.0,,
2016,Yes,TPS (Telecom Power System),Delta Electronics,Taiwan,Technology Hardware & Equipment,"Electronic Equipment, Instruments & Components","Computer, IT & telecom",4.1,Estimated from external data based on product description,69.437,16.94,ISO,(not reported by company),N/a,N/a (no %change reported),No,0.054900000000000004,0.9451,0.0,,
2015,Yes,Latitude E6440,Dell Inc.,USA,Technology Hardware & Equipment,Not used for 2015 reporting,"Computer, IT & telecom",2.12,Estimated from external data based on product description,348.0,164.15,Not reported,(not reported by company),N/a,N/a (no %change reported),Yes,0.4889,0.1864,0.3247,0.09480000000000001,0.0029
2015,Yes,Latitude E6540,Dell Inc.,USA,Technology Hardware & Equipment,Not used for 2015 reporting,"Computer, IT & telecom",2.56,Estimated from external data based on product description,408.0,159.38,Not reported,(not reported by company),N/a,N/a (no %change reported),Yes,0.4595,0.1753,0.3652,0.0931,0.0025
2013,No,"The Latitude E6400 is a typical high-volume, mainstream business laptop that is representative of a range of similar laptop  products. It is Energy Star® 5.0 qualified and EPEAT Gold registered.",Dell Inc.,USA,Technology Hardware & Equipment,Computers & Peripherals,"Computer, IT & telecom",2.52,Estimated from external data based on product description,350.0,138.89,ISO,(not reported by company),N/a,N/a (no %change reported),N/a (product with insufficient stage-level data),,,,,
2015,Yes,Latitude E7240,Dell Inc.,USA,Technology Hardware & Equipment,Not used for 2015 reporting,"Computer, IT & telecom",1.36,Estimated from external data based on product description,310.0,227.94,Not reported,(not reported by company),N/a,N/a (no %change reported),Yes,0.5866,0.2237,0.18969999999999998,0.07400000000000001,0.0032
2015,Yes,Latitude E7440,Dell Inc.,USA,Technology Hardware & Equipment,Not used for 2015 reporting,"Computer, IT & telecom",1.63,Estimated from external data based on product description,276.0,169.33,Not reported,(not reported by company),N/a,N/a (no %change reported),Yes,0.5639,0.2151,0.221,0.0978,0.0036
2015,Yes,OptiPlex 3030 all-in-one,Dell Inc.,USA,Technology Hardware & Equipment,Not used for 2015 reporting,"Computer, IT & telecom",7.03,Estimated from external data based on product description,480.0,68.28,Not reported,(not reported by company),N/a,N/a (no %change reported),Yes,0.3635,0.1386,0.4979,0.0458,0.0125
2013,No,"The OptiPlex 780 Mini Tower is a typical high-volume, mainstream business desktop that is representative of a range of similar desktop products. It is Energy Star® 5.0 compliant and EPEAT Gold registered.",Dell Inc.,USA,Technology Hardware & Equipment,Computers & Peripherals,"Computer, IT & telecom",11.7,Estimated from external data based on product description,800.0,68.38,ISO,(not reported by company),N/a,N/a (no %change reported),N/a (product with insufficient stage-level data),,,,,
2013,No,"PowerEdge R710 is a typical high-volume, next-generation Intel Xeon processor-based 2U Rack Server that is representative of a range of similar server products.",Dell Inc.,USA,Technology Hardware & Equipment,Computers & Peripherals,"Computer, IT & telecom",26.1,Estimated from external data based on product description,6360.0,243.68,ISO,(not reported by company),N/a,N/a (no %change reported),N/a (product with insufficient stage-level data),,,,,
2015,Yes,PowerEdge R710,Dell Inc.,USA,Technology Hardware & Equipment,Not used for 2015 reporting,"Computer, IT & telecom",26.1,Estimated from external data based on product description,6360.0,243.68,Not reported,(not reported by company),N/a,N/a (no %change reported),Yes,0.0572,0.0218,0.9209999999999999,,
2015,Yes,OptiPlex 3010 Minitower (MT),Dell Inc.,USA,Technology Hardware & Equipment,Not used for 2015 reporting,"Computer, IT & telecom",5.7,Estimated from external data based on product description,624.0,109.47,Not reported,(not reported by company),N/a,N/a (no %change reported),Yes,0.326,0.1243,0.5497,0.1971,0.0096
2015,Yes,OptiPlex 9010 Small Form Factor (SFF),Dell Inc.,USA,Technology Hardware & Equipment,Not used for 2015 reporting,"Computer, IT & telecom",6.0,Estimated from external data based on product description,667.0,111.17,Not reported,(not reported by company),N/a,N/a (no %change reported),Yes,0.2839,0.10830000000000001,0.6078,0.1213,0.006
2015,Yes,Latitude E3440,Dell Inc.,USA,Technology Hardware & Equipment,Not used for 2015 reporting,"Computer, IT & telecom",2.0,Estimated from external data based on product description,314.0,157.0,Not reported,(not reported by company),N/a,N/a (no %change reported),Yes,0.5019,0.19140000000000001,0.30670000000000003,0.0958,0.0032
2015,Yes,Latitude E3540,Dell Inc.,USA,Technology Hardware & Equipment,Not used for 2015 reporting,"Computer, IT & telecom",2.22,Estimated from external data based on product description,309.0,139.19,Not reported,(not reported by company),N/a,N/a (no %change reported),Yes,0.5371,0.2048,0.2581,0.11289999999999999,0.0032
2015,Yes,Latitude E5440,Dell Inc.,USA,Technology Hardware & Equipment,Not used for 2015 reporting,"Computer, IT & telecom",2.0,Estimated from external data based on product description,292.0,146.0,Not reported,(not reported by company),N/a,N/a (no %change reported),Yes,0.5578,0.2127,0.22949999999999998,0.1096,0.0034000000000000002
2015,Yes,Latitude E5540,Dell Inc.,USA,Technology Hardware & Equipment,Not used for 2015 reporting,"Computer, IT & telecom",2.3,Estimated from external data based on product description,311.0,135.22,Not reported,(not reported by company),N/a,N/a (no %change reported),Yes,0.5379999999999999,0.2052,0.2568,0.1148,0.003
2013,No,Average of all products sold to Braskem,Akzo Nobel,Netherlands,Materials,Chemicals,Chemicals,1.0,As per company's submission to CDP,5.5,5.5,GHGP,(not reported by company),N/a,N/a (no previous data available),N/a (product with insufficient stage-level data),,,,,
2014,No,Average of all products sold to Braskem,Akzo Nobel,Netherlands,Materials,Chemicals,Chemicals,1000.0,As per company's submission to CDP,5500.0,5.5,GHGP,(not reported by company),N/a,N/a (no %change reported),N/a (product with insufficient stage-level data),,,,,
2015,No,Average of all products sold to Braskem,Akzo Nobel,Netherlands,Chemicals,Not used for 2015 reporting,Chemicals,1000.0,As per company's submission to CDP,6500.0,6.5,GHGP,18.00%,GHG Protocol Product Accounting & Reporting Standard,Model and/or parameters changed (but not product),N/a (product with insufficient stage-level data),,,,,
2016,No,Average of all products sold to Braskem,Akzo Nobel,Netherlands,Materials,Chemicals,Chemicals,1000.0,As per company's submission to CDP,6240.0,6.24,GHGP,-4.00%,N/a,No specific reason reported,N/a (product with insufficient stage-level data),,,,,
2014,Yes,Aggregated Global Sales for KAO,Akzo Nobel,Netherlands,Materials,Chemicals,Chemicals,1000.0,As per company's submission to CDP,3100.0,3.1,GHGP,(not reported by company),N/a,N/a (no %change reported),No,0.8355,0.16449999999999998,0.0,,
2013,Yes,Beverage can inside spray lacquer steel - Aqualure 905,Akzo Nobel,Netherlands,Materials,Chemicals,Chemicals,1000.0,As per company's submission to CDP,2000.0,2.0,GHGP,(not reported by company),N/a,N/a (no %change reported),No,0.9595999999999999,0.0404,0.0,,
2014,Yes,Beverage can inside spray lacquer steel,Akzo Nobel,Netherlands,Materials,Chemicals,Chemicals,1000.0,As per company's submission to CDP,2000.0,2.0,GHGP,(not reported by company),N/a,N/a (no %change reported),No,0.9595999999999999,0.0404,0.0,,
2014,No,Average of all products sold to KAO,Akzo Nobel,Netherlands,Materials,Chemicals,Chemicals,1000.0,As per company's submission to CDP,4900.0,4.9,GHGP,(not reported by company),N/a,N/a (no previous data available),N/a (product with insufficient stage-level data),,,,,
2015,Yes,Aggregated Global Sales for Customer CNH Industrial NV,Akzo Nobel,Netherlands,Chemicals,Not used for 2015 reporting,Chemicals,1000.0,As per company's submission to CDP,4700.0,4.7,GHGP,(not reported by company),N/a,N/a (no previous data available),No,0.9129999999999999,0.087,0.0,,
2016,No,Aggregated global sales for Dell Inc,Akzo Nobel,Netherlands,Materials,Chemicals,Chemicals,1000.0,As per company's submission to CDP,1320.0,1.32,GHGP,-26.00%,"Change in mix of products. However also adjusted to cradle to gate footprint, as earlier cradle to grave was used.",Model/parameters AND product carbon efficiency changed,N/a (product with insufficient stage-level data),,,,,
2016,No,Aggregated sales to Symrise,Akzo Nobel,Netherlands,Materials,Chemicals,Chemicals,1000.0,As per company's submission to CDP,141.0,0.14,Not reported,(not reported by company),N/a,N/a (no previous data available),N/a (product with insufficient stage-level data),,,,,
2016,No,Caustic products delivered to ICL,Akzo Nobel,Netherlands,Materials,Chemicals,Chemicals,1000.0,As per company's submission to CDP,440.0,0.44,Not reported,(not reported by company),N/a,N/a (no previous data available),N/a (product with insufficient stage-level data),,,,,
2016,No,Chelates and Micronutrients sold to ICL,Akzo Nobel,Netherlands,Materials,Chemicals,Chemicals,1.0,As per company's submission to CDP,2.85,2.85,GHGP,(not reported by company),N/a,N/a (no previous data available),N/a (product with insufficient stage-level data),,,,,
2016,No,Chlormethane products delivered to ICL,Akzo Nobel,Netherlands,Materials,Chemicals,Chemicals,1000.0,As per company's submission to CDP,1800.0,1.8,Not reported,(not reported by company),N/a,N/a (no previous data available),N/a (product with insufficient stage-level data),,,,,
2013,Yes,"Beverage can inside spray lacquer aluminium - Aqualure 900, Aqualure 2000 etc.",Akzo Nobel,Netherlands,Materials,Chemicals,Chemicals,1000.0,As per company's submission to CDP,1600.0,1.6,GHGP,(not reported by company),N/a,N/a (no %change reported),No,0.9494,0.0506,0.0,,
2014,Yes,Beverage can inside spray lacquer aluminium,Akzo Nobel,Netherlands,Materials,Chemicals,Chemicals,1000.0,As per company's submission to CDP,1600.0,1.6,GHGP,(not reported by company),N/a,N/a (no %change reported),No,0.9494,0.0506,0.0,,
2015,Yes,Beverage can inside spray lacquer aluminium,Akzo Nobel,Netherlands,Chemicals,Not used for 2015 reporting,Chemicals,1000.0,As per company's submission to CDP,1600.0,1.6,GHGP,(not reported by company),N/a,N/a (no %change reported),No,0.9494,0.0506,0.0,,
2013,Yes,Overprint varnishes  (also used to approximate rim varnishes),Akzo Nobel,Netherlands,Materials,Chemicals,Chemicals,1000.0,As per company's submission to CDP,2200.0,2.2,GHGP,(not reported by company),N/a,N/a (no %change reported),No,0.9632999999999999,0.036699999999999997,0.0,,
2014,Yes,Overprint varnishes,Akzo Nobel,Netherlands,Materials,Chemicals,Chemicals,1000.0,As per company's submission to CDP,2200.0,2.2,GHGP,(not reported by company),N/a,N/a (no %change reported),No,0.9632999999999999,0.036699999999999997,0.0,,
2015,Yes,Overprint varnishes,Akzo Nobel,Netherlands,Chemicals,Not used for 2015 reporting,Chemicals,1000.0,As per company's submission to CDP,2200.0,2.2,GHGP,(not reported by company),N/a,N/a (no %change reported),No,0.9632999999999999,0.036699999999999997,0.0,,
2013,Yes,Aggregated Global Sales for Unilever - Polyacrylates and other products,Akzo Nobel,Netherlands,Materials,Chemicals,Chemicals,1.0,As per company's submission to CDP,3.0,3.0,GHGP,-21.00%,"Significant product portfolio changes, updates of raw material sets",Product carbon efficiency changed,No,0.7020000000000001,0.298,0.0,0.0066,
2014,Yes,Aggregated Global Sales for Unilever,Akzo Nobel,Netherlands,Materials,Chemicals,Chemicals,1000.0,As per company's submission to CDP,3420.0,3.42,GHGP,15.00%,"Product portfolio changes, updates of raw material sets",Product carbon efficiency changed,No,0.7164,0.2836,0.0,,
2015,Yes,Aggregated Global Sales for Unilever,Akzo Nobel,Netherlands,Chemicals,Not used for 2015 reporting,Chemicals,1000.0,As per company's submission to CDP,2580.0,2.58,GHGP,-25.00%,"Product portfolio changes, updates of raw material sets",Product carbon efficiency changed,No,0.7481,0.2519,0.0,,
2016,No,Aggregated Global Sales for Unilever,Akzo Nobel,Netherlands,Materials,Chemicals,Chemicals,1.0,As per company's submission to CDP,2.54,2.54,GHGP,(not reported by company),N/a,N/a (no %change reported),N/a (product with insufficient stage-level data),,,,,
2013,Yes,Aggregated Global Sales for L'Oreal - Polyacrylates and other products,Akzo Nobel,Netherlands,Materials,Chemicals,Chemicals,1.0,As per company's submission to CDP,2.2,2.2,GHGP,(not reported by company),N/a,N/a (no %change reported),No,0.5018,0.4982,0.0,0.0036,
2014,Yes,Aggregated Global Sales for L'Oreal,Akzo Nobel,Netherlands,Materials,Chemicals,Chemicals,1000.0,As per company's submission to CDP,3010.0,3.01,GHGP,39.00%,"Product portfolio changes, refined models",Model/parameters AND product carbon efficiency changed,No,0.6545000000000001,0.3455,0.0,,
2015,Yes,Aggregated Global Sales for L'Oreal,Akzo Nobel,Netherlands,Chemicals,Not used for 2015 reporting,Chemicals,1000.0,As per company's submission to CDP,2760.0,2.76,GHGP,-8.00%,"Product portfolio changes, refined models",Model/parameters AND product carbon efficiency changed,No,0.6474,0.35259999999999997,0.0,,
2016,No,Aggregated Global Sales for L'Oreal,Akzo Nobel,Netherlands,Materials,Chemicals,Chemicals,1.0,As per company's submission to CDP,2.69,2.69,GHGP,(not reported by company),N/a,N/a (no %change reported),N/a (product with insufficient stage-level data),,,,,
2013,Yes,Aggregated Global Sales for Johnson & Johnson - Polyacrylates and other products,Akzo Nobel,Netherlands,Materials,Chemicals,Chemicals,1.0,As per company's submission to CDP,2.0,2.0,GHGP,-24.00%,"Significant product portfolio changes, updates of raw material sets",Product carbon efficiency changed,No,0.6373,0.3627,0.0,0.0155,
2014,Yes,Aggregated Global Sales for Johnson & Johnson,Akzo Nobel,Netherlands,Materials,Chemicals,Chemicals,1000.0,As per company's submission to CDP,3400.0,3.4,GHGP,-71.00%,"Product portfolio changes, refined models",Model/parameters AND product carbon efficiency changed,No,0.7587999999999999,0.2412,0.0,,
2015,Yes,Aggregated Global Sales for Johnson & Johnson,Akzo Nobel,Netherlands,Chemicals,Not used for 2015 reporting,Chemicals,1000.0,As per company's submission to CDP,2910.0,2.91,GHGP,-14.00%,"Product portfolio changes, refined models",Model/parameters AND product carbon efficiency changed,No,0.7423000000000001,0.2577,0.0,,
2016,No,Aggregated Global Sales for Johnson & Johnson,Akzo Nobel,Netherlands,Materials,Chemicals,Chemicals,1.0,As per company's submission to CDP,3.56,3.56,GHGP,(not reported by company),N/a,N/a (no %change reported),N/a (product with insufficient stage-level data),,,,,
2013,Yes,Sodium chlorate produced in North America.,Akzo Nobel,Netherlands,Materials,Chemicals,Chemicals,1000.0,As per company's submission to CDP,1200.0,1.2,GHGP,(not reported by company),N/a,N/a (no %change reported),No,0.15380000000000002,0.8462000000000001,0.0,,
2013,Yes,"Sodium chlorate as solid phase, produced in South America.",Akzo Nobel,Netherlands,Materials,Chemicals,Chemicals,1000.0,As per company's submission to CDP,220.0,0.22,GHGP,(not reported by company),N/a,N/a (no %change reported),No,0.5909,0.40909999999999996,0.0,,
2013,No,Chlorine dioxide water solution produced in South America.,Akzo Nobel,Netherlands,Materials,Chemicals,Chemicals,1000.0,As per company's submission to CDP,850.0,0.85,GHGP,(not reported by company),N/a,N/a (no %change reported),N/a (product with insufficient stage-level data),,,,,
2013,No,Extra Neutral Potable Ethanol 96.4%,NCP ALCOHOLS,South Africa,"Food, Beverage & Tobacco",Beverages,Food & Beverage,1041.666667,As per company's submission to CDP,2019.0,1.94,Not reported,(not reported by company),N/a,N/a (no %change reported),N/a (product with insufficient stage-level data),,,,,
2016,No,Extra Neutral Potable Ethanol 96.4%,NCP ALCOHOLS,South Africa,"Food, Beverage & Tobacco",Beverages,Food & Beverage,1041.666667,As per company's submission to CDP,1280.0,1.23,GHGP,3.10%,Decrease in production.Reduced production has resulted in an increase in energy usage per kL of product produced.,Product carbon efficiency changed,N/a (product with insufficient stage-level data),,,,,
2014,Yes,Malt non HDP,MUNTONS PLC,United Kingdom,Food & Staples Retailing,Food & Staples Retailing,Food & Beverage,1000.0,As per company's submission to CDP,603.0,0.6,Not reported,(not reported by company),N/a,N/a (no %change reported),No,0.49920000000000003,0.5008,0.0,,
2015,No,Malted barley,MUNTONS PLC,United Kingdom,Food & Staples Retailing,Not used for 2015 reporting,Food & Beverage,1000.0,As per company's submission to CDP,520.0,0.52,GHGP,-14.00%,Our overall emissions in malting have reduced as have the average emissions of growing malting barley due to use of abated nitrogen fertiliser,Product carbon efficiency changed,N/a (product with insufficient stage-level data),,,,,
2016,Yes,Malted Barley,MUNTONS PLC,United Kingdom,"Food, Beverage & Tobacco",Beverages,Food & Beverage,1000.0,As per company's submission to CDP,561.0,0.56,GHGP,-1.06%,Uptake of abated nitrogen fertiliser use by farmers has reduced the input footprint of malting barley and this figute has been further refined by improvements in malting energy use,Product carbon efficiency changed,Yes,0.5615,0.2954,0.1431,0.1431,
2016,No,Malt extract,MUNTONS PLC,United Kingdom,"Food, Beverage & Tobacco",Beverages,Food & Beverage,1000.0,As per company's submission to CDP,947.0,0.95,GHGP,-3.07%,Uptake of abated nitrogen fertiliser use by farmers has reduced the input footprint of malting barley and this figute has been further refined by improvements in malting energy use,Product carbon efficiency changed,N/a (product with insufficient stage-level data),,,,,
2016,No,Malt flour in sack,MUNTONS PLC,United Kingdom,"Food, Beverage & Tobacco",Beverages,Food & Beverage,1000.0,As per company's submission to CDP,599.0,0.6,GHGP,-1.16%,Uptake of abated nitrogen fertiliser use by farmers has reduced the input footprint of malting barley and this figute has been further refined by improvements in malting energy use,Product carbon efficiency changed,N/a (product with insufficient stage-level data),,,,,
2016,No,Unmalted barley at harvest,MUNTONS PLC,United Kingdom,"Food, Beverage & Tobacco",Beverages,Food & Beverage,1000.0,As per company's submission to CDP,240.0,0.24,GHGP,(not reported by company),N/a,N/a (no %change reported),N/a (product with insufficient stage-level data),,,,,
2016,No,H10311 - La vie est belle,BORMIOLI LUIGI,Italy,Materials,Containers & Packaging,Packaging for consumer goods,0.354,Estimated from external data based on product description,0.944,2.67,ISO,(not reported by company),N/a,N/a (no previous data available),N/a (product with insufficient stage-level data),,,,,
2016,No,H4953 - Armani IO 100 ml,BORMIOLI LUIGI,Italy,Materials,Containers & Packaging,Packaging for consumer goods,0.195,Estimated from external data based on product description,0.531,2.72,ISO,(not reported by company),N/a,N/a (no previous data available),N/a (product with insufficient stage-level data),,,,,
2015,Yes,H000 (Set-top Box),HUMAX ELECTRONICS CO LTD,South Korea,Technology Hardware & Equipment,Not used for 2015 reporting,"Computer, IT & telecom",1.98804,As per company's submission to CDP,79.188,39.83,ISO,-48.80%,"HUMAX contributed to reducing GHG emission associated with product use and weight compared to the energy consumption of initial model. Emission in initial product was 77.371kgCO2eq/EA. But derivative product was 39.594kgCO2eq/EA.  [Energy consumption] Initial model : 12.49W(use), 0.43W(standby) Derivative model : 5.8W(use), 0.32W(standby)  [Weight] Initial model : 1988.04g Derivative model : 1270.84g",Product carbon efficiency changed,No,0.1175,0.0161,0.866,,0.0005
2014,No,Tire,Maxxis International,Taiwan,Automobiles & Components,Auto Components,Automobiles & components,12.7,Estimated from external data based on product description,105.924,8.34,Not reported,(not reported by company),N/a,N/a (no %change reported),N/a (product with insufficient stage-level data),,,,,
2013,Yes,Corrugated box average Corrugated box Sab miller,CartOne S.r.l.,Italy,Materials,Containers & Packaging,Packaging for consumer goods,1.0,As per company's submission to CDP,1.16,1.16,EPD,(not reported by company),N/a,N/a (no %change reported),No,0.8879,0.1121,0.0,,
2013,No,metal crown caps,Fabrica de Tapas Bavaria,Colombia,"Food, Beverage & Tobacco",Beverages,Food & Beverage,0.00235,Estimated from external data based on product description,0.0004,0.17,GHGP,5.00%,"Implementation of LG project (0,22 mm metal sheets to 0,18 metal sheets) with machine adaptations caused lower efficiencies during commissioning period. For theses year now with machines completely converted to the new metal sheets (0,18 mm), we expect approx. 4 thousand ton of CO2 savings.",Product carbon efficiency changed,N/a (product with insufficient stage-level data),,,,,
2014,No,Crown caps,Fabrica de Tapas Bavaria,Colombia,"Food, Beverage & Tobacco",Beverages,Food & Beverage,0.00235,Estimated from external data based on product description,0.00043,0.18,GHGP,2.32%,"Lithography process to produce crown caps arts with more complex design, passing from 4 steps average in F14 to 5 lithography steps average in F15, for this reason we need more natural gas to produce one crown cap.",Product carbon efficiency changed,N/a (product with insufficient stage-level data),,,,,
2013,No,Sodium sulbactam 3,SHENYANG DONGRUI,China,Materials,Chemicals,Chemicals,1.0,As per company's submission to CDP,70.0,70.0,Not reported,-1.40%,sulbactam 2 stop using the boiler and use steam,Product carbon efficiency changed,N/a (product with insufficient stage-level data),,,,,
2013,No,cyanodiester,SHENYANG DONGRUI,China,Materials,Chemicals,Chemicals,1.0,As per company's submission to CDP,6.0,6.0,Not reported,(not reported by company),N/a,N/a (no %change reported),N/a (product with insufficient stage-level data),,,,,
2014,No,480ml Bottle,"YONYU Plastics (Shanghai) Co.,Ltd",USA,Materials,Containers & Packaging,Packaging for consumer goods,0.048,Estimated from external data based on product description,0.07,1.46,GHGP,(not reported by company),N/a,N/a (no %change reported),N/a (product with insufficient stage-level data),,,,,
2014,No,18mm Cap,"YONYU Plastics (Shanghai) Co.,Ltd",USA,Materials,Containers & Packaging,Packaging for consumer goods,0.0434,Estimated from external data based on product description,0.01,0.23,GHGP,(not reported by company),N/a,N/a (no %change reported),N/a (product with insufficient stage-level data),,,,,
2016,No,Fajar Board,PT Fajar Surya Wisesa Tbk,Indonesia,Materials,Containers & Packaging,Packaging for consumer goods,1000.0,Estimated from external data based on product description,721.0,0.72,Not reported,3.00%,Our overall machine runnability is slightly worst than previous year. This machine need to be shutdown multiple times throughout the year and contribute to higher emission factors. Our electricity power still was generated but our machine need to be shutdown due to some problems make higher emission standard eventhough production capacity was less.,Product carbon efficiency changed,N/a (product with insufficient stage-level data),,,,,
2013,No,Stevia Sweeteners,PURECIRCLE USA,Malaysia,"Food, Beverage & Tobacco",Food Products,Food & Beverage,1.0,As per company's submission to CDP,65.71,65.71,Not reported,(not reported by company),N/a,N/a (no %change reported),N/a (product with insufficient stage-level data),,,,,
2013,No,Stevia Sweetener,PURECIRCLE USA,Malaysia,"Food, Beverage & Tobacco",Food Products,Food & Beverage,1.0,As per company's submission to CDP,47.51,47.51,Not reported,(not reported by company),N/a,N/a (no %change reported),N/a (product with insufficient stage-level data),,,,,
2013,No,Natural Flavors,PURECIRCLE USA,Malaysia,"Food, Beverage & Tobacco",Food Products,Food & Beverage,1.0,As per company's submission to CDP,45.81,45.81,Not reported,(not reported by company),N/a,N/a (no %change reported),N/a (product with insufficient stage-level data),,,,,
2013,No,Stevia Sweeteners,PURECIRCLE USA,Malaysia,"Food, Beverage & Tobacco",Food Products,Food & Beverage,1.0,As per company's submission to CDP,74.64,74.64,Not reported,(not reported by company),N/a,N/a (no %change reported),N/a (product with insufficient stage-level data),,,,,
2015,Yes,Tobacco,MI (Michaelleides),Greece,Tobacco,Not used for 2015 reporting,Food & Beverage,1.0,As per company's submission to CDP,0.7,0.7,GHGP,-24.70%,Energy efficiency initiative,Product carbon efficiency changed,No,0.5714,0.4286,0.0,,
2014,Yes,Semi-finished aluminum sheet (hot rolled products),Alcoa Corp.,USA,Materials,Metals & Mining,Construction & commercial materials,1000.0,As per company's submission to CDP,3940.0,3.94,ISO,-19.00%,"Based on the attached 2013 study in conjunction with our Aluminum Association, the ""cradle to gate"" GHG emissions associated with producing hot rolled sheet products has been improved by 19% since 2005. (see pages 98-104)",Product carbon efficiency changed,Yes,0.2642,0.7358,0.0,,
2016,No,Semi-finished aluminum sheet (hot rolled products),Alcoa Corp.,USA,Materials,Metals & Mining,Construction & commercial materials,1000.0,As per company's submission to CDP,410.0,0.41,ISO,(not reported by company),N/a,N/a (no previous data available),N/a (product with insufficient stage-level data),,,,,
2014,No,Semi-finished aluminum sheet (cold rolled products),Alcoa Corp.,USA,Materials,Metals & Mining,Construction & commercial materials,1000.0,As per company's submission to CDP,5340.0,5.34,Not reported,-19.00%,"Based on the attached 2013 study in conjunction with our Aluminum Association, the ""cradle to gate"" GHG emissions associated with producing hot rolled sheet products has been improved by 19% since 2005. (see pages 98-104)",Product carbon efficiency changed,N/a (product with insufficient stage-level data),,,,,
2016,No,Semi-finished aluminum sheet (cold rolled products),Alcoa Corp.,USA,Materials,Metals & Mining,Construction & commercial materials,1000.0,As per company's submission to CDP,410.0,0.41,ISO,(not reported by company),N/a,N/a (no %change reported),N/a (product with insufficient stage-level data),,,,,
2016,No,Alumina,Alcoa Corp.,USA,Materials,Metals & Mining,Construction & commercial materials,1000.0,As per company's submission to CDP,2219.0,2.22,ISO,(not reported by company),N/a,N/a (no previous data available),N/a (product with insufficient stage-level data),,,,,
2016,No,Primary aluminum ingot,Alcoa Corp.,USA,Materials,Metals & Mining,Construction & commercial materials,1000.0,As per company's submission to CDP,6512.0,6.51,ISO,(not reported by company),N/a,N/a (no previous data available),N/a (product with insufficient stage-level data),,,,,
2016,No,Cast aluminum products,Alcoa Corp.,USA,Materials,Metals & Mining,Construction & commercial materials,1000.0,As per company's submission to CDP,720.0,0.72,ISO,(not reported by company),N/a,N/a (no previous data available),N/a (product with insufficient stage-level data),,,,,
2014,No,kettle,DRAGON WILL ENTERPRISE,China,Consumer Durables & Apparel,Household Durables,"Home durables, textiles, & equipment",1.3,Estimated from external data based on product description,50.0,38.46,Bilan Carbone,5.00%,some emision predict have been worked,Model and/or parameters changed (but not product),N/a (product with insufficient stage-level data),,,,,
2016,No,aluminium wheel,ZHEJIANG WANFENG AUTO WHEEL CO LTD,China,Capital Goods,Electrical Equipment,Comm. equipm. & capital goods,1.0,As per company's submission to CDP,2.923,2.92,Not reported,-11.50%,"Energy conservation and emissions reduction, technical innovation",Product carbon efficiency changed,N/a (product with insufficient stage-level data),,,,,
2013,Yes,Vaccum Cleaners (Canisters & Uprights),Electrolux,Sweden,Consumer Durables & Apparel,Household Durables,"Home durables, textiles, & equipment",6.4,Estimated from external data based on product description,409.0,63.91,EUPEF,(not reported by company),N/a,N/a (no %change reported),Yes,0.0703,0.0177,0.912,0.022000000000000002,0.036699999999999997
2014,Yes,Vaccum Cleaners,Electrolux,Sweden,Consumer Durables & Apparel,Household Durables,"Home durables, textiles, & equipment",6.4,Estimated from external data based on product description,409.0,63.91,EUPEF,(not reported by company),N/a,N/a (no %change reported),Yes,0.0703,0.0177,0.912,0.022000000000000002,0.036699999999999997
2015,Yes,Vaccum Cleaners,Electrolux,Sweden,"Consumer Durables, Household and Personal Products",Not used for 2015 reporting,"Home durables, textiles, & equipment",6.4,Estimated from external data based on product description,409.0,63.91,Not reported,(not reported by company),N/a,N/a (no %change reported),Yes,0.0703,0.0177,0.912,0.022000000000000002,0.036699999999999997
2013,Yes,"Notebook (Classmate PC) E11IS is manufactured & designed by ECS's factory located in eastern China, its GHG emission inventoried in 2012 by methodology of PAS 2050:2011 and verified by SGS ready.","Elitegroup computer systems co., Ltd.",Taiwan,Technology Hardware & Equipment,Computers & Peripherals,"Computer, IT & telecom",1.3,Estimated from external data based on product description,213.17,163.98,PAS2050,(not reported by company),N/a,N/a (no previous data available),No,0.9798,0.0202,0.0,,
2013,No,"30L desktop model vBeijing2_I for design stage plus manufacturing stage, made by ECS's factory loacted in southern China (GHG emission inventoried in 2012 by methodology of ISO 14064-1 and allocation basis by weight)","Elitegroup computer systems co., Ltd.",Taiwan,Technology Hardware & Equipment,Computers & Peripherals,"Computer, IT & telecom",9.26,Estimated from external data based on product description,1.672,0.18,GHGP,-7.93%,N/a,No specific reason reported,N/a (product with insufficient stage-level data),,,,,
2016,No,Beedwire 0.96,WOLF,Germany,Automobiles & Components,Auto Components,Automobiles & components,450.0,Estimated from external data based on product description,502.0,1.12,ISO,(not reported by company),N/a,N/a (no %change reported),N/a (product with insufficient stage-level data),,,,,
2016,No,Beedwire 1.27,WOLF,Germany,Automobiles & Components,Auto Components,Automobiles & components,450.0,Estimated from external data based on product description,446.0,0.99,ISO,(not reported by company),N/a,N/a (no %change reported),N/a (product with insufficient stage-level data),,,,,
2017,Yes,S3840cdn,"Fuji Xerox Co., Ltd.",Japan,Technology Hardware & Equipment,"Electronic Equipment, Instruments & Components","Computer, IT & telecom",26.0,Estimated from external data based on product description,2300.0,88.46,ISO,(not reported by company),N/a,N/a (no %change reported),No,0.0832,0.0021,0.9147,0.0175,0.0219
2017,Yes,S3845cdn,"Fuji Xerox Co., Ltd.",Japan,Technology Hardware & Equipment,"Electronic Equipment, Instruments & Components","Computer, IT & telecom",33.0,Estimated from external data based on product description,2400.0,72.73,ISO,(not reported by company),N/a,N/a (no %change reported),No,0.1092,0.0021,0.8887,0.0206,0.0277
2013,Yes,C1760nw Perinter,"Fuji Xerox Co., Ltd.",Japan,Technology Hardware & Equipment,Office Electronics,"Computer, IT & telecom",13.0,Estimated from external data based on product description,491.0,37.77,GHGP,15.00%,N/a,No specific reason reported,No,0.1426,0.0387,0.8187000000000001,0.0040999999999999995,
2013,Yes,2150cdn  printer,"Fuji Xerox Co., Ltd.",Japan,Technology Hardware & Equipment,Office Electronics,"Computer, IT & telecom",24.0,Estimated from external data based on product description,573.0,23.88,GHGP,15.00%,N/a,No specific reason reported,No,0.1257,0.0332,0.8412000000000001,0.0034999999999999996,
2014,Yes,C2660dn,"Fuji Xerox Co., Ltd.",Japan,Technology Hardware & Equipment,Office Electronics,"Computer, IT & telecom",25.600753,Estimated from external data based on product description,1400.0,54.69,ISO,5.00%,N/a,No specific reason reported,No,0.1183,0.0207,0.861,0.013999999999999999,0.034
2015,Yes,C2660dn,"Fuji Xerox Co., Ltd.",Japan,Technology Hardware & Equipment,Not used for 2015 reporting,"Computer, IT & telecom",25.600753,Estimated from external data based on product description,1400.0,54.69,ISO,5.00%,N/a,No specific reason reported,No,0.1183,0.0207,0.861,0.013999999999999999,0.034
2017,Yes,C2660dn,"Fuji Xerox Co., Ltd.",Japan,Technology Hardware & Equipment,"Electronic Equipment, Instruments & Components","Computer, IT & telecom",25.600753,Estimated from external data based on product description,1400.0,54.69,ISO,(not reported by company),N/a,N/a (no %change reported),No,0.1183,0.0207,0.861,0.013999999999999999,0.034
2014,Yes,C2665dnf,"Fuji Xerox Co., Ltd.",Japan,Technology Hardware & Equipment,Office Electronics,"Computer, IT & telecom",115.0,Estimated from external data based on product description,1500.0,13.04,ISO,5.00%,N/a,No specific reason reported,No,0.1558,0.0151,0.8292,,0.0438
2015,Yes,C2665dnf,"Fuji Xerox Co., Ltd.",Japan,Technology Hardware & Equipment,Not used for 2015 reporting,"Computer, IT & telecom",115.0,Estimated from external data based on product description,1500.0,13.04,ISO,5.00%,N/a,No specific reason reported,No,0.14,0.015300000000000001,0.8447,,0.0447
2017,Yes,H625cdw,"Fuji Xerox Co., Ltd.",Japan,Technology Hardware & Equipment,"Electronic Equipment, Instruments & Components","Computer, IT & telecom",31.7,Estimated from external data based on product description,1200.0,37.85,ISO,(not reported by company),N/a,N/a (no %change reported),No,0.1522,0.021099999999999997,0.8267,0.0178,0.0397
2017,Yes,H815dw,"Fuji Xerox Co., Ltd.",Japan,Technology Hardware & Equipment,"Electronic Equipment, Instruments & Components","Computer, IT & telecom",19.0,Estimated from external data based on product description,2300.0,121.05,ISO,(not reported by company),N/a,N/a (no %change reported),No,0.0564,0.0060999999999999995,0.9375,0.0069,0.0195
2017,Yes,H825cdw,"Fuji Xerox Co., Ltd.",Japan,Technology Hardware & Equipment,"Electronic Equipment, Instruments & Components","Computer, IT & telecom",31.7,Estimated from external data based on product description,1300.0,41.01,ISO,(not reported by company),N/a,N/a (no %change reported),No,0.1414,0.0196,0.8390000000000001,0.0165,0.0369
2017,Yes,S2815dn,"Fuji Xerox Co., Ltd.",Japan,Technology Hardware & Equipment,"Electronic Equipment, Instruments & Components","Computer, IT & telecom",19.0,Estimated from external data based on product description,2300.0,121.05,ISO,(not reported by company),N/a,N/a (no %change reported),No,0.0564,0.0060999999999999995,0.9375,0.0069,0.0195
2017,Yes,S2825cdn,"Fuji Xerox Co., Ltd.",Japan,Technology Hardware & Equipment,"Electronic Equipment, Instruments & Components","Computer, IT & telecom",31.7,Estimated from external data based on product description,1300.0,41.01,ISO,(not reported by company),N/a,N/a (no %change reported),No,0.1414,0.0196,0.8390000000000001,0.0165,0.0369
2013,Yes,Desk Top PC  ESPRIMO ?582/?,Fujitsu Ltd.,Japan,Technology Hardware & Equipment,Computers & Peripherals,"Computer, IT & telecom",5.89,Estimated from external data based on product description,140.1,23.79,ISO,-16.20%,?Use phase: -7.9 % ?Power consamption reduction ? ?Material phase: - 22.4% ?Component weight reduction ?,Product carbon efficiency changed,Yes,0.009300000000000001,0.0034999999999999996,0.9872,0.0064,0.5685
2014,Yes,Desk top personal computer,Fujitsu Ltd.,Japan,Software & Services,IT Services,"Computer, IT & telecom",5.89,Estimated from external data based on product description,140.1,23.79,ISO,-16.20%,Electricity consumption is 7.9% reduced in use stage. CO2 emission in material stage is 22.4% reduced caused by cut of the number of parts.,Product carbon efficiency changed,No,0.5378000000000001,0.0128,0.44939999999999997,0.0064,0.030699999999999998
2017,No,Server,Fujitsu Ltd.,Japan,Software & Services,Software,"Computer, IT & telecom",7.0,Estimated from external data based on product description,690.0,98.57,ISO,-6.80%,"Compared to ""PRIMERGY BX2560M1"", which is the same series developed in the previous year. -7.3% reduction in the use stage of LCA caused by reduction of electricity consumption.",Product carbon efficiency changed,N/a (product with insufficient stage-level data),,,,,
2013,No,Average of all GM vehicles produced and used in the 10 year life-cycle.,General Motors Company,USA,Automobiles & Components,Automobiles,Automobiles & components,1820.086,Estimated from external data based on product description,27588.0,15.16,GHGP,5.00%,"Increased scope of reporting accounted for the 5% increase.  Scope 1 and 2 absolute emissions reduced by 2% from 2011 and Business Travel decreased by 5%, however the increased reporting accuracy accounted for a net increase of 5%.",Model/parameters AND product carbon efficiency changed,N/a (product with insufficient stage-level data),,,,,
2014,Yes,Average of all GM vehicles produced and used in the 10 year life-cycle.,General Motors Company,USA,Automobiles & Components,Automobiles,Automobiles & components,1820.086,Estimated from external data based on product description,33933.0,18.64,GHGP,10.00%,"Change in methodology for purchased goods and services caused an increase in overall carbon footprint.  Equalizing methodologies, GM's vehicle emissions reduced by 3% year over year from 2012.",Model/parameters AND product carbon efficiency changed,Yes,0.019,0.0059,0.9751000000000001,,
2015,Yes,Average of all GM vehicles produced and used in the 10 year life-cycle.,General Motors Company,USA,Automobiles & Components,Not used for 2015 reporting,Automobiles & components,1820.086,Estimated from external data based on product description,39100.0,21.48,GHGP,15.00%,"Increased granularity for purchased goods and services, capital goods, and transportation caused an increase in overall carbon footprint.  Equalizing methodologies, GM's vehicle emissions reduced by 2% year over year from 2013 and our scope 1 and 2 emissions reduced in intensity by 3%.",Model/parameters AND product carbon efficiency changed,Yes,0.0161,0.005,0.9789,,
2016,No,Average GM Vehicle,General Motors Company,USA,Automobiles & Components,Auto Components,Automobiles & components,1820.086,Estimated from external data based on product description,36386.0,19.99,GHGP,3.00%,Increase production of 6.6% and 3% sales caused increased emissions with offsets from reduction in vehicle emissions and manufacturing energy  efficiency resulted in only a 3% increase in GHG emissions based on GM's total carbon footprint.,Model/parameters AND product carbon efficiency changed,N/a (product with insufficient stage-level data),,,,,
2013,Yes,Cast iron pipes and fittings,Georg Fischer,Switzerland,Capital Goods,Machinery,Comm. equipm. & capital goods,1.0,As per company's submission to CDP,2.42,2.42,Not reported,(not reported by company),N/a,N/a (no %change reported),No,0.8264,0.1653,0.0083,0.0083,0.0
2016,Yes,Coal,"CNX Coal Resources, LP",USA,Energy,"Oil, Gas & Consumable Fuels",Chemicals,1000.0,As per company's submission to CDP,3025.0,3.03,GHGP,(not reported by company),N/a,N/a (no previous data available),Yes,0.1887,0.0999,0.7114,,
2014,No,Elevator,"Hitachi, Ltd.",Japan,Technology Hardware & Equipment,"Electronic Equipment, Instruments & Components","Computer, IT & telecom",2270.0,Estimated from external data based on product description,9328.0,4.11,ISO,(not reported by company),N/a,N/a (no %change reported),N/a (product with insufficient stage-level data),,,,,
2016,Yes,Land Cruiser Prado. FJ Cruiser. Dyna trucks. Toyoace.IMV def unit.,"Hino Motors, Ltd.",Japan,Automobiles & Components,Auto Components,Automobiles & components,2272.33,Estimated from external data based on product description,191687.0,84.36,M. Env. Japan v2.2,-5.00%,Due to production decrease.,Model and/or parameters changed (but not product),No,0.028999999999999998,0.0025,0.9684999999999999,0.0003,0.0015
2014,No,Invercote,Holmen,Sweden,Materials,Paper & Forest Products,Construction & commercial materials,1000.0,As per company's submission to CDP,370.0,0.37,Not reported,-12.00%,Reduction in emissions associated from product manufacturing facilities through efficiencies gained from new recovery boiler.,Product carbon efficiency changed,N/a (product with insufficient stage-level data),,,,,
2015,Yes,Invercote,Holmen,Sweden,"Forest and Paper Products - Forestry, Timber, Pulp and Paper, Rubber",Not used for 2015 reporting,Construction & commercial materials,1000.0,As per company's submission to CDP,211.0,0.21,CEPI,-43.00%,Investment in new recovery boiler in Iggesund. Optimisation of the capability of the new equipment Continuous focus on fine tuning and energy appetite reduction.,Product carbon efficiency changed,Yes,0.1929,0.5372,0.2699,0.2699,
2014,No,Incada,Holmen,Sweden,Materials,Paper & Forest Products,Construction & commercial materials,1000.0,As per company's submission to CDP,292.0,0.29,Not reported,-75.00%,Reduction in emissions associated from product manufacturing facilities through transfer of principle fuel source from fossil gas to bioenergy following the commissioning of our Bio Mass plant.,Product carbon efficiency changed,N/a (product with insufficient stage-level data),,,,,
2015,Yes,Incada,Holmen,Sweden,"Forest and Paper Products - Forestry, Timber, Pulp and Paper, Rubber",Not used for 2015 reporting,Construction & commercial materials,1000.0,As per company's submission to CDP,210.0,0.21,CEPI,-18.00%,Investment in new biomass CHP plant in Worklngton.. Optimisation of the capability of the new equipment. Continuous focus on fine tuning and energy appetite reduction,Product carbon efficiency changed,Yes,0.22649999999999998,0.6307,0.1429,0.1429,
2015,No,4Gb LPDDR2 SDRAM,SK Hynix,South Korea,Semiconductors & Semiconductors Equipment,Not used for 2015 reporting,"Computer, IT & telecom",0.0084,Estimated from external data based on product description,0.634,75.48,Carbon Labeling Certificate,-21.40%,"As applied to high-tech technology, the number of memory chip from one wafer largely increased.",Product carbon efficiency changed,N/a (product with insufficient stage-level data),,,,,
2015,No,64Gb NAND Flash MLC,SK Hynix,South Korea,Semiconductors & Semiconductors Equipment,Not used for 2015 reporting,"Computer, IT & telecom",0.0084,Estimated from external data based on product description,0.691,82.26,Carbon Labeling Certificate,-22.40%,"As applied to high-tech technology, the number of memory chip from one wafer largely increased.",Product carbon efficiency changed,N/a (product with insufficient stage-level data),,,,,
2015,No,4Gb LPDDR3 SDRAM,SK Hynix,South Korea,Semiconductors & Semiconductors Equipment,Not used for 2015 reporting,"Computer, IT & telecom",0.0084,Estimated from external data based on product description,0.735,87.5,Not reported,-8.90%,"As applied to high-tech technology, the number of memory chip from one wafer largely increased.",Product carbon efficiency changed,N/a (product with insufficient stage-level data),,,,,
2013,No,Organic coated coil for the Nature product range (which includes the products Granite® and Estetic®) having a mean surface mass of 4.7kg. The Nature range of innovative chromium-free organic coated steels for the construction industry is the result of 15 years of research in partnership with paint suppliers to develop safer and greener corrosion-inhibiting pigments.,Arcelor Mittal,Luxembourg,Materials,Metals & Mining,Construction & commercial materials,4.7,As per company's submission to CDP,7.3,1.55,ISO,(not reported by company),N/a,N/a (no previous data available),N/a (product with insufficient stage-level data),,,,,
2013,No,Retaining wall structure with a main wall (sheet pile): 136 tonnes of steel sheet piles and 4 tonnes of tierods per 100 meter wall,Arcelor Mittal,Luxembourg,Materials,Metals & Mining,Construction & commercial materials,140000.0,As per company's submission to CDP,167000.0,1.19,ISO,(not reported by company),N/a,N/a (no previous data available),N/a (product with insufficient stage-level data),,,,,
2015,Yes,Ingenico terminals,Ingenico,France,Technology Hardware & Equipment,Not used for 2015 reporting,"Computer, IT & telecom",0.6,Estimated from external data based on product description,49.98,83.3,GHGP,(not reported by company),N/a,N/a (no %change reported),No,0.5866,0.0279,0.38539999999999996,0.07139999999999999,
2013,Yes,Server CPU,Intel Corporation,USA,Technology Hardware & Equipment,Computers & Peripherals,"Computer, IT & telecom",0.4082331,Estimated from external data based on product description,29.0,71.04,Not reported,(not reported by company),N/a,N/a (no %change reported),No,0.2414,0.6897,0.069,0.069,
2014,Yes,Server CPU,Intel Corporation,USA,Semiconductors & Semiconductor Equipment,Semiconductors & Semiconductor Equipment,"Computer, IT & telecom",0.4082331,Estimated from external data based on product description,29.0,71.04,Not reported,(not reported by company),N/a,N/a (no %change reported),No,0.3207,0.5414,0.1379,,
2013,Yes,Desktop CPU,Intel Corporation,USA,Technology Hardware & Equipment,Computers & Peripherals,"Computer, IT & telecom",0.4082331,Estimated from external data based on product description,14.0,34.29,Not reported,(not reported by company),N/a,N/a (no %change reported),No,0.2143,0.7143,0.07139999999999999,0.07139999999999999,
2014,Yes,Desktop CPU,Intel Corporation,USA,Semiconductors & Semiconductor Equipment,Semiconductors & Semiconductor Equipment,"Computer, IT & telecom",0.4082331,Estimated from external data based on product description,14.0,34.29,Not reported,(not reported by company),N/a,N/a (no %change reported),No,0.3214,0.5428999999999999,0.13570000000000002,,
2013,Yes,Mobile CPU,Intel Corporation,USA,Technology Hardware & Equipment,Computers & Peripherals,"Computer, IT & telecom",0.4082331,Estimated from external data based on product description,7.0,17.15,Not reported,17.00%,Newer line of products are somewhat larger and more complex,Product carbon efficiency changed,No,0.2857,0.7143,0.0,0.0,
2014,Yes,Mobile CPU,Intel Corporation,USA,Semiconductors & Semiconductor Equipment,Semiconductors & Semiconductor Equipment,"Computer, IT & telecom",0.4082331,Estimated from external data based on product description,7.0,17.15,Not reported,(not reported by company),N/a,N/a (no %change reported),No,0.3143,0.5428999999999999,0.1429,,
2017,No,Complete catalyst system for diesel-powered passenger car exhaust,Johnson Matthey,United Kingdom,Materials,Chemicals,Chemicals,2.0,Estimated from external data based on product description,188.0,94.0,ISO,(not reported by company),N/a,N/a (no %change reported),N/a (product with insufficient stage-level data),,,,,
2017,No,Three-way Catalyst for gasoline-powered passenger car exhaust,Johnson Matthey,United Kingdom,Materials,Chemicals,Chemicals,2.0,Estimated from external data based on product description,63.0,31.5,ISO,(not reported by company),N/a,N/a (no %change reported),N/a (product with insufficient stage-level data),,,,,
